cellA	cellB	metric	n	medA	medB	med_diff_B-A	B>A	B<A	p
v1.9.0-rc1_container_rust	v1.9.0-rc3_container_rust	gene_ratio	23	0.927	0.927	+0.000	7	10	0.98
v1.9.0-rc1_container_rust	v1.9.0-rc3_container_rust	exon_sn	23	67.000	67.100	+0.000	6	4	0.72
v1.9.0-rc1_container_rust	v1.9.0-rc3_container_rust	exon_pr	23	70.600	70.600	+0.000	3	8	0.39
v1.9.0-rc1_container_rust	v1.9.0-rc3_container_rust	intron_sn	23	76.100	76.200	+0.000	6	2	0.084
v1.9.0-rc1_container_rust	v1.9.0-rc3_container_rust	intron_pr	23	83.100	83.100	+0.000	5	2	0.27
v1.9.0-rc1_container_rust	v1.9.0-rc3_container_rust	ichain_sn	23	47.300	47.900	+0.000	7	7	0.59
v1.9.0-rc1_container_rust	v1.9.0-rc3_container_rust	ichain_pr	23	50.600	50.600	+0.000	7	6	0.21
v1.9.0-rc1_container_rust	v1.9.0-rc3_container_rust	tx_sn	23	48.400	48.500	+0.000	6	10	0.81
v1.9.0-rc1_container_rust	v1.9.0-rc3_container_rust	tx_pr	23	51.700	51.700	+0.000	5	9	0.73
v1.9.0-rc1_container_rust	v1.9.0-rc3_container_rust	locus_sn	23	49.700	49.500	+0.000	7	9	0.68
v1.9.0-rc1_container_rust	v1.9.0-rc3_container_rust	locus_pr	23	51.700	51.700	+0.000	5	9	0.73
v1.9.0-rc1_container_rust	v1.9.0-rc3_container_rust	missed_loci_pct	23	8.400	8.500	+0.000	2	2	1
v1.9.0-rc1_container_rust	v1.9.0-rc3_container_rust	ref_not_recovered_pct	23	7.453	7.431	+0.000	3	9	0.18
v1.8.17_conda	v1.9.0-rc3_container_rust	gene_ratio	23	0.934	0.927	-0.001	5	18	0.023
v1.8.17_conda	v1.9.0-rc3_container_rust	exon_sn	23	66.900	67.100	+0.200	18	3	0.00079
v1.8.17_conda	v1.9.0-rc3_container_rust	exon_pr	23	70.400	70.600	+0.300	19	3	0.00013
v1.8.17_conda	v1.9.0-rc3_container_rust	intron_sn	23	76.400	76.200	+0.200	14	4	0.011
v1.8.17_conda	v1.9.0-rc3_container_rust	intron_pr	23	82.900	83.100	+0.200	16	3	0.0019
v1.8.17_conda	v1.9.0-rc3_container_rust	ichain_sn	23	46.900	47.900	+0.200	16	5	0.016
v1.8.17_conda	v1.9.0-rc3_container_rust	ichain_pr	23	50.000	50.600	+0.600	20	3	4.9e-05
v1.8.17_conda	v1.9.0-rc3_container_rust	tx_sn	23	48.100	48.500	+0.400	17	3	0.0011
v1.8.17_conda	v1.9.0-rc3_container_rust	tx_pr	23	51.100	51.700	+0.500	19	3	0.00031
v1.8.17_conda	v1.9.0-rc3_container_rust	locus_sn	23	49.700	49.500	+0.400	17	3	0.0017
v1.8.17_conda	v1.9.0-rc3_container_rust	locus_pr	23	51.100	51.700	+0.500	19	3	0.00031
v1.8.17_conda	v1.9.0-rc3_container_rust	missed_loci_pct	23	8.500	8.500	-0.100	5	12	0.24
v1.8.17_conda	v1.9.0-rc3_container_rust	ref_not_recovered_pct	23	7.529	7.431	-0.065	6	16	0.12
v1.8.17_conda	v1.9.0-rc1_container_rust	gene_ratio	23	0.934	0.927	-0.001	6	17	0.033
v1.8.17_conda	v1.9.0-rc1_container_rust	exon_sn	23	66.900	67.000	+0.200	19	3	0.0017
v1.8.17_conda	v1.9.0-rc1_container_rust	exon_pr	23	70.400	70.600	+0.200	19	1	0.00053
v1.8.17_conda	v1.9.0-rc1_container_rust	intron_sn	23	76.400	76.100	+0.200	16	4	0.022
v1.8.17_conda	v1.9.0-rc1_container_rust	intron_pr	23	82.900	83.100	+0.200	15	2	0.0063
v1.8.17_conda	v1.9.0-rc1_container_rust	ichain_sn	23	46.900	47.300	+0.300	16	5	0.014
v1.8.17_conda	v1.9.0-rc1_container_rust	ichain_pr	23	50.000	50.600	+0.500	20	3	0.00011
v1.8.17_conda	v1.9.0-rc1_container_rust	tx_sn	23	48.100	48.400	+0.400	17	4	0.00065
v1.8.17_conda	v1.9.0-rc1_container_rust	tx_pr	23	51.100	51.700	+0.500	20	3	4.9e-05
v1.8.17_conda	v1.9.0-rc1_container_rust	locus_sn	23	49.700	49.700	+0.400	17	5	0.00082
v1.8.17_conda	v1.9.0-rc1_container_rust	locus_pr	23	51.100	51.700	+0.500	20	3	4.9e-05
v1.8.17_conda	v1.9.0-rc1_container_rust	missed_loci_pct	23	8.500	8.400	-0.100	5	13	0.21
v1.8.17_conda	v1.9.0-rc1_container_rust	ref_not_recovered_pct	23	7.529	7.453	-0.065	6	17	0.13
v1.8.17_conda	v1.9.0-rc1_conda	gene_ratio	23	0.934	0.934	-0.001	7	16	0.26
v1.8.17_conda	v1.9.0-rc1_conda	exon_sn	23	66.900	67.300	+0.300	23	0	2.4e-07
v1.8.17_conda	v1.9.0-rc1_conda	exon_pr	23	70.400	70.600	+0.200	21	0	5.9e-05
v1.8.17_conda	v1.9.0-rc1_conda	intron_sn	23	76.400	76.600	+0.200	21	1	0.00053
v1.8.17_conda	v1.9.0-rc1_conda	intron_pr	23	82.900	83.200	+0.200	16	2	0.00066
v1.8.17_conda	v1.9.0-rc1_conda	ichain_sn	23	46.900	47.400	+0.400	17	4	0.0032
v1.8.17_conda	v1.9.0-rc1_conda	ichain_pr	23	50.000	50.800	+0.500	20	1	9.1e-05
v1.8.17_conda	v1.9.0-rc1_conda	tx_sn	23	48.100	48.400	+0.500	19	1	0.00022
v1.8.17_conda	v1.9.0-rc1_conda	tx_pr	23	51.100	51.600	+0.500	20	1	0.00011
v1.8.17_conda	v1.9.0-rc1_conda	locus_sn	23	49.700	49.600	+0.500	19	2	0.00023
v1.8.17_conda	v1.9.0-rc1_conda	locus_pr	23	51.100	51.600	+0.500	20	1	0.00011
v1.8.17_conda	v1.9.0-rc1_conda	missed_loci_pct	23	8.500	8.400	-0.100	1	18	0.00024
v1.8.17_conda	v1.9.0-rc1_conda	ref_not_recovered_pct	23	7.529	7.289	-0.100	3	20	3.3e-06
v1.9.0-rc1_conda	v1.9.0-rc1_container	gene_ratio	23	0.934	0.934	+0.000	12	11	0.94
v1.9.0-rc1_conda	v1.9.0-rc1_container	exon_sn	23	67.300	67.300	+0.000	1	5	0.14
v1.9.0-rc1_conda	v1.9.0-rc1_container	exon_pr	23	70.600	70.600	+0.000	0	10	0.0048
v1.9.0-rc1_conda	v1.9.0-rc1_container	intron_sn	23	76.600	76.600	+0.000	3	5	0.57
v1.9.0-rc1_conda	v1.9.0-rc1_container	intron_pr	23	83.200	83.100	+0.000	4	7	0.32
v1.9.0-rc1_conda	v1.9.0-rc1_container	ichain_sn	23	47.400	47.600	+0.000	7	6	0.5
v1.9.0-rc1_conda	v1.9.0-rc1_container	ichain_pr	23	50.800	50.700	+0.000	7	11	0.39
v1.9.0-rc1_conda	v1.9.0-rc1_container	tx_sn	23	48.400	48.400	-0.100	6	12	0.14
v1.9.0-rc1_conda	v1.9.0-rc1_container	tx_pr	23	51.600	51.700	+0.000	5	10	0.23
v1.9.0-rc1_conda	v1.9.0-rc1_container	locus_sn	23	49.600	49.600	+0.000	6	11	0.2
v1.9.0-rc1_conda	v1.9.0-rc1_container	locus_pr	23	51.600	51.700	+0.000	5	10	0.23
v1.9.0-rc1_conda	v1.9.0-rc1_container	missed_loci_pct	23	8.400	8.400	+0.000	1	1	0.65
v1.9.0-rc1_conda	v1.9.0-rc1_container	ref_not_recovered_pct	23	7.289	7.289	+0.000	1	9	0.0093
v1.9.0-rc1_conda_rust	v1.9.0-rc1_container_rust	gene_ratio	23	0.927	0.927	+0.000	16	6	0.15
v1.9.0-rc1_conda_rust	v1.9.0-rc1_container_rust	exon_sn	23	67.100	67.000	+0.000	2	7	0.19
v1.9.0-rc1_conda_rust	v1.9.0-rc1_container_rust	exon_pr	23	70.700	70.600	+0.000	4	6	0.35
v1.9.0-rc1_conda_rust	v1.9.0-rc1_container_rust	intron_sn	23	76.200	76.100	+0.000	3	7	0.35
v1.9.0-rc1_conda_rust	v1.9.0-rc1_container_rust	intron_pr	23	83.100	83.100	+0.000	2	4	0.75
v1.9.0-rc1_conda_rust	v1.9.0-rc1_container_rust	ichain_sn	23	47.500	47.300	+0.000	7	7	0.36
v1.9.0-rc1_conda_rust	v1.9.0-rc1_container_rust	ichain_pr	23	50.800	50.600	+0.000	8	7	0.75
v1.9.0-rc1_conda_rust	v1.9.0-rc1_container_rust	tx_sn	23	48.400	48.400	+0.000	7	7	0.58
v1.9.0-rc1_conda_rust	v1.9.0-rc1_container_rust	tx_pr	23	51.500	51.700	+0.000	6	8	0.7
v1.9.0-rc1_conda_rust	v1.9.0-rc1_container_rust	locus_sn	23	49.700	49.700	+0.000	7	7	0.61
v1.9.0-rc1_conda_rust	v1.9.0-rc1_container_rust	locus_pr	23	51.500	51.700	+0.000	6	8	0.7
v1.9.0-rc1_conda_rust	v1.9.0-rc1_container_rust	missed_loci_pct	23	8.400	8.400	+0.000	2	1	0.41
v1.9.0-rc1_conda_rust	v1.9.0-rc1_container_rust	ref_not_recovered_pct	23	7.453	7.453	+0.000	8	4	0.31
v1.9.0-rc1_container	v1.9.0-rc1_container_rust	gene_ratio	23	0.934	0.927	-0.000	4	19	0.0021
v1.9.0-rc1_container	v1.9.0-rc1_container_rust	exon_sn	23	67.300	67.000	+0.000	1	11	0.0036
v1.9.0-rc1_container	v1.9.0-rc1_container_rust	exon_pr	23	70.600	70.600	+0.000	7	2	0.26
v1.9.0-rc1_container	v1.9.0-rc1_container_rust	intron_sn	23	76.600	76.100	+0.000	2	11	0.013
v1.9.0-rc1_container	v1.9.0-rc1_container_rust	intron_pr	23	83.100	83.100	+0.000	4	6	0.6
v1.9.0-rc1_container	v1.9.0-rc1_container_rust	ichain_sn	23	47.600	47.300	+0.000	2	9	0.016
v1.9.0-rc1_container	v1.9.0-rc1_container_rust	ichain_pr	23	50.700	50.600	+0.000	5	5	0.88
v1.9.0-rc1_container	v1.9.0-rc1_container_rust	tx_sn	23	48.400	48.400	+0.000	4	8	0.27
v1.9.0-rc1_container	v1.9.0-rc1_container_rust	tx_pr	23	51.700	51.700	+0.000	10	3	0.058
v1.9.0-rc1_container	v1.9.0-rc1_container_rust	locus_sn	23	49.600	49.700	+0.000	5	7	0.21
v1.9.0-rc1_container	v1.9.0-rc1_container_rust	locus_pr	23	51.700	51.700	+0.000	10	3	0.058
v1.9.0-rc1_container	v1.9.0-rc1_container_rust	missed_loci_pct	23	8.400	8.400	+0.000	8	0	0.011
v1.9.0-rc1_container	v1.9.0-rc1_container_rust	ref_not_recovered_pct	23	7.289	7.453	+0.037	17	1	0.00039
v1.9.0-rc1_conda	v1.9.0-rc1_conda_rust	gene_ratio	23	0.934	0.927	-0.001	1	21	0.00023
v1.9.0-rc1_conda	v1.9.0-rc1_conda_rust	exon_sn	23	67.300	67.100	-0.100	2	13	0.0014
v1.9.0-rc1_conda	v1.9.0-rc1_conda_rust	exon_pr	23	70.600	70.700	+0.000	6	7	0.65
v1.9.0-rc1_conda	v1.9.0-rc1_conda_rust	intron_sn	23	76.600	76.200	+0.000	2	11	0.05
v1.9.0-rc1_conda	v1.9.0-rc1_conda_rust	intron_pr	23	83.200	83.100	+0.000	4	8	0.19
v1.9.0-rc1_conda	v1.9.0-rc1_conda_rust	ichain_sn	23	47.400	47.500	+0.000	6	8	0.57
v1.9.0-rc1_conda	v1.9.0-rc1_conda_rust	ichain_pr	23	50.800	50.800	+0.000	4	8	0.25
v1.9.0-rc1_conda	v1.9.0-rc1_conda_rust	tx_sn	23	48.400	48.400	+0.000	2	10	0.04
v1.9.0-rc1_conda	v1.9.0-rc1_conda_rust	tx_pr	23	51.600	51.500	+0.000	5	6	1
v1.9.0-rc1_conda	v1.9.0-rc1_conda_rust	locus_sn	23	49.600	49.700	+0.000	3	10	0.034
v1.9.0-rc1_conda	v1.9.0-rc1_conda_rust	locus_pr	23	51.600	51.500	+0.000	5	6	1
v1.9.0-rc1_conda	v1.9.0-rc1_conda_rust	missed_loci_pct	23	8.400	8.400	+0.000	8	1	0.021
v1.9.0-rc1_conda	v1.9.0-rc1_conda_rust	ref_not_recovered_pct	23	7.289	7.453	+0.025	13	4	0.0056
