subset	cellA	cellB	n	medA_C	medB_C	med_diff_B-A	B>A	B<A	p
rnaseq	v1.9.0-rc1_container_rust	v1.9.0-rc3_container_rust	40	94.8	94.5	-0.10	13	24	0.25
rnaseq	v1.8.17_conda	v1.9.0-rc3_container_rust	40	95.0	94.5	-0.50	13	27	0.15
rnaseq	v1.8.17_conda	v1.9.0-rc1_container_rust	40	95.0	94.8	-0.25	10	25	0.046
rnaseq	v1.8.17_conda	v1.9.0-rc1_conda	40	95.0	95.0	+0.00	16	19	0.8
rnaseq	v1.9.0-rc1_conda	v1.9.0-rc1_container	40	95.0	95.0	+0.00	15	16	0.52
rnaseq	v1.9.0-rc1_conda_rust	v1.9.0-rc1_container_rust	37	94.9	94.9	+0.00	12	13	0.11
rnaseq	v1.9.0-rc1_container	v1.9.0-rc1_container_rust	40	95.0	94.8	-0.10	6	22	0.0027
rnaseq	v1.9.0-rc1_conda	v1.9.0-rc1_conda_rust	37	95.1	94.9	+0.00	10	17	0.024
nornaseq	v1.9.0-rc1_container_rust	v1.9.0-rc3_container_rust	23	93.1	93.0	+0.00	4	6	0.96
nornaseq	v1.8.17_conda	v1.9.0-rc3_container_rust	23	92.6	93.0	+0.20	15	4	0.0027
nornaseq	v1.8.17_conda	v1.9.0-rc1_container_rust	23	92.6	93.1	+0.20	17	3	0.0017
nornaseq	v1.8.17_conda	v1.9.0-rc1_conda	23	92.6	93.1	+0.20	19	1	0.00012
nornaseq	v1.9.0-rc1_conda	v1.9.0-rc1_container	23	93.1	93.1	+0.00	6	9	0.51
nornaseq	v1.9.0-rc1_conda_rust	v1.9.0-rc1_container_rust	23	93.0	93.1	+0.00	5	6	0.93
nornaseq	v1.9.0-rc1_container	v1.9.0-rc1_container_rust	23	93.1	93.1	+0.00	6	10	0.12
nornaseq	v1.9.0-rc1_conda	v1.9.0-rc1_conda_rust	23	93.1	93.0	+0.00	5	10	0.062
