cell	genome	accession	phylum	refseq_annotation_release	query_gff3	query_gene_count	busco_complete_pct	busco_single_pct	busco_duplicated_pct	busco_fragmented_pct	busco_missing_pct	busco_n	ref_gff3	ref_gene_count	gffcompare_base_level_sensitivity	gffcompare_base_level_precision	gffcompare_exon_level_sensitivity	gffcompare_exon_level_precision	gffcompare_intron_level_sensitivity	gffcompare_intron_level_precision	gffcompare_intron_chain_level_sensitivity	gffcompare_intron_chain_level_precision	gffcompare_transcript_level_sensitivity	gffcompare_transcript_level_precision	gffcompare_locus_level_sensitivity	gffcompare_locus_level_precision	gffcompare_missed_exons_pct	gffcompare_novel_exons_pct	gffcompare_missed_introns_pct	gffcompare_novel_introns_pct	gffcompare_missed_loci_pct	gffcompare_novel_loci_pct	overlap_query_genes	overlap_ref_genes	overlap_query_genes_overlapping_ref	overlap_query_genes_overlap_same_strand	overlap_query_genes_overlap_opposite_strand	overlap_query_genes_no_overlap	overlap_ref_genes_not_recovered	compare_status
v1.8.17_conda	Allomyces_macrogynus_ATCC_38327	GCA_000151295.1	Blastocladiomycota	legacy	runs/v1.8.17_conda/genome_annotation/Allomyces_macrogynus_ATCC_38327/predict_results/Allomyces_macrogynus_ATCC_38327.gff3	17906	85.4	27.3	58.0	2.6	12.0	758	results/reference_annotations/.cache/GCA_000151295.1_A_macrogynus_V3_genomic.gff	19266	76.4	96.2	55.0	57.4	78.1	79.6	53.0	54.1	48.6	54.1	50.3	54.1	12.4	6.6	13.1	11.8	9.3	3.7	17906	19266	17332	17248	745	574	1681	compared
v1.8.17_conda	Aspergillus_fumigatus_Af293	GCF_000002655.1	Ascomycota	legacy	runs/v1.8.17_conda/genome_annotation/Aspergillus_fumigatus_Af293/predict_results/Aspergillus_fumigatus_Af293.gff3	10118	95.9	95.6	0.2	2.2	1.9	3546	results/reference_annotations/.cache/GCF_000002655.1_ASM265v1_genomic.gff	10085	73.5	96.9	51.9	54.8	76.3	83.0	53.7	55.6	52.4	52.2	52.5	52.2	13.6	6.7	18.6	10.6	7.0	5.3	10118	10085	9733	9579	249	385	613	compared
v1.8.17_conda	Batrachochytrium_dendrobatidis_JAM81	GCF_000203795.2	Chytridiomycota	legacy	runs/v1.8.17_conda/genome_annotation/Batrachochytrium_dendrobatidis_JAM81/predict_results/Batrachochytrium_dendrobatidis_JAM81.gff3	8347	90.0	88.5	1.5	2.4	7.7	758	results/reference_annotations/.cache/GCF_000203795.2_v1.1_genomic.gff	8386	90.8	83.9	72.5	68.0	83.0	76.4	44.3	42.6	44.6	44.8	44.6	44.8	7.2	13.5	9.0	15.0	6.0	6.3	8347	8386	7951	7840	224	396	434	compared
v1.8.17_conda	Botrytis_cinerea_B05.10	GCF_000143535.2	Ascomycota	legacy	runs/v1.8.17_conda/genome_annotation/Botrytis_cinerea_B05.10/predict_results/Botrytis_cinerea_B05.10.gff3	12424	98.7	98.7	0.0	0.8	0.5	3234	results/reference_annotations/.cache/GCF_000143535.2_ASM14353v4_genomic.gff	11698	69.7	97.7	40.5	44.2	83.5	93.2	65.0	76.5	57.5	63.4	67.3	63.4	8.8	3.8	13.2	4.8	3.2	6.8	12424	11698	11660	11580	140	764	341	compared
v1.8.17_conda	Chaetomium_globosum_CBS_148.51	GCF_000143365.1	Ascomycota	legacy	runs/v1.8.17_conda/genome_annotation/Chaetomium_globosum_CBS_148.51/predict_results/Chaetomium_globosum_CBS_148.51.gff3	11567	83.0	82.8	0.1	9.8	7.2	3817	results/reference_annotations/.cache/GCF_000143365.1_ASM14336v1_genomic.gff	11222	82.8	91.3	48.9	54.4	50.7	60.6	30.9	33.4	35.8	34.7	35.8	34.7	23.1	13.3	32.1	15.2	13.2	8.3	11567	11222	10847	10615	281	720	1328	compared
v1.8.17_conda	Cryptococcus_neoformans_H99	GCF_000149245.1	Basidiomycota	legacy	runs/v1.8.17_conda/genome_annotation/Cryptococcus_neoformans_H99/predict_results/Cryptococcus_neoformans_H99.gff3	7118	96.8	96.8	0.1	1.8	1.4	4284	results/reference_annotations/.cache/GCF_000149245.1_CNA3_genomic.gff	8334	67.9	99.1	64.1	75.1	84.4	97.7	53.2	68.3	51.1	65.9	56.3	65.9	13.7	0.7	13.8	0.9	17.1	0.9	7118	8334	7075	7054	1799	43	833	compared
v1.8.17_conda	Fusarium_verticillioides_7600	GCF_000149555.1	Ascomycota	legacy	runs/v1.8.17_conda/genome_annotation/Fusarium_verticillioides_7600/predict_results/Fusarium_verticillioides_7600.gff3	15276	97.5	97.3	0.2	1.7	0.9	3817	results/reference_annotations/.cache/GCF_000149555.1_ASM14955v1_genomic.gff	16286	70.2	98.3	47.5	59.0	77.7	90.9	51.8	75.7	50.7	69.6	65.4	69.6	14.1	2.8	18.7	5.9	8.9	2.0	15276	16286	15063	14968	1951	213	1287	compared
v1.8.17_conda	Malassezia_globosa_CBS_7966	GCF_000181695.2	Basidiomycota	legacy	runs/v1.8.17_conda/genome_annotation/Malassezia_globosa_CBS_7966/predict_results/Malassezia_globosa_CBS_7966.gff3	4410	82.3	82.2	0.1	4.3	13.5	1764	results/reference_annotations/.cache/GCF_000181695.2_ASM18169v2_genomic.gff	4278	94.7	89.4	49.9	36.9	64.2	31.9	37.6	17.4	46.4	45.0	46.4	45.0	9.1	26.9	24.3	60.7	4.8	10.3	4410	4278	3987	3956	97	423	160	compared
v1.8.17_conda	Malassezia_globosa_CBS_7966.stale_shallow_rnaseq_20260919																																							no_samples_row
v1.8.17_conda	Pneumocystis_murina_B123	GCF_000349005.2	Ascomycota	legacy	runs/v1.8.17_conda/genome_annotation/Pneumocystis_murina_B123/predict_results/Pneumocystis_murina_B123.gff3	3211	66.6	66.6	0.1	3.2	30.2	1706	results/reference_annotations/.cache/GCF_000349005.2_Pneumo_murina_B123_V4_genomic.gff	3675	87.8	98.6	71.7	69.5	81.9	77.1	31.6	35.6	32.6	37.3	32.7	37.3	8.9	5.6	8.5	13.9	8.5	0.6	3211	3675	3202	3192	239	9	250	compared
v1.8.17_conda	Rhodotorula_toruloides_NP11.stale_rnaseq_20260920																																							no_samples_row
v1.8.17_conda	Saccharomyces_cerevisiae_S288C	GCF_000146045.2	Ascomycota	legacy	runs/v1.8.17_conda/genome_annotation/Saccharomyces_cerevisiae_S288C/predict_results/Saccharomyces_cerevisiae_S288C.gff3	5687	97.5	95.4	2.2	0.6	1.9	2137	results/reference_annotations/.cache/GCF_000146045.2_R64_genomic.gff	6459	92.6	99.7	80.8	91.8	53.5	58.4	53.9	56.6	83.4	95.0	84.8	95.0	12.5	0.9	42.6	37.3	10.6	0.3	5687	6459	5665	5659	63	22	677	compared
v1.8.17_conda	Schizophyllum_commune_H4-8	GCF_000143185.2	Basidiomycota	legacy	runs/v1.8.17_conda/genome_annotation/Schizophyllum_commune_H4-8/predict_results/Schizophyllum_commune_H4-8.gff3	12366	88.1	87.2	0.9	4.7	7.2	2898	results/reference_annotations/.cache/GCF_000143185.2_Schco3_genomic.gff	16466	63.1	94.6	53.6	67.6	68.9	85.7	33.3	39.7	30.4	40.5	31.6	40.5	25.4	4.2	25.5	7.2	26.6	2.1	12366	16466	12202	12120	773	164	4267	compared
v1.8.17_conda	Tilletiopsis_washingtonensis_MCA_4186	GCF_003144115.1	Basidiomycota	legacy	runs/v1.8.17_conda/genome_annotation/Tilletiopsis_washingtonensis_MCA_4186/predict_results/Tilletiopsis_washingtonensis_MCA_4186.gff3	6495	92.0	91.8	0.2	1.8	6.2	1764	results/reference_annotations/.cache/GCF_003144115.1_Tilwa1_genomic.gff	7053	82.7	92.4	72.9	72.2	92.4	89.1	67.3	66.2	59.1	64.2	60.7	64.2	5.1	4.8	4.7	7.9	9.1	3.7	6495	7053	6342	6256	860	153	497	compared
v1.8.17_conda	Umbelopsis_ramanniana_AG	GCF_025399195.1	Mucoromycota	legacy	runs/v1.8.17_conda/genome_annotation/Umbelopsis_ramanniana_AG/predict_results/Umbelopsis_ramanniana_AG.gff3	9363	91.2	89.2	2.0	0.7	8.1	2449	results/reference_annotations/.cache/GCF_025399195.1_Umbra1_genomic.gff	10037	82.0	91.1	70.4	68.2	92.0	86.7	59.9	58.3	52.8	56.7	55.3	56.7	4.8	7.0	5.1	10.3	7.2	4.5	9363	10037	9008	8943	960	355	599	compared
v1.8.17_conda	Yarrowia_lipolytica_CLIB122	GCF_000002525.2	Ascomycota	legacy	runs/v1.8.17_conda/genome_annotation/Yarrowia_lipolytica_CLIB122/predict_results/Yarrowia_lipolytica_CLIB122.gff3	6906	94.7	94.3	0.4	1.7	3.6	2137	results/reference_annotations/.cache/GCF_000002525.2_ASM252v1_genomic.gff	7139	94.3	97.5	70.6	69.2	57.7	44.6	52.2	42.3	75.0	77.7	75.2	77.7	8.3	10.0	35.8	50.3	6.2	3.8	6906	7139	6655	6647	10	251	443	compared
v1.8.17_conda	Zygosaccharomyces_rouxii_CBS_732	GCF_000026365.1	Ascomycota	legacy	runs/v1.8.17_conda/genome_annotation/Zygosaccharomyces_rouxii_CBS_732/predict_results/Zygosaccharomyces_rouxii_CBS_732.gff3	4958	95.6	95.4	0.2	0.8	3.6	2137	results/reference_annotations/.cache/GCF_000026365.1_ASM2636v1_genomic.gff	5323	95.8	99.3	76.9	75.4	45.0	14.2	45.4	14.1	79.4	85.3	79.4	85.3	7.2	2.0	43.2	82.1	6.5	1.1	4958	5323	4914	4904	49	44	310	compared
v1.9.0-beta12_container	Allomyces_macrogynus_ATCC_38327	GCA_000151295.1	Blastocladiomycota	legacy	runs/v1.9.0-beta12_container/genome_annotation/Allomyces_macrogynus_ATCC_38327/predict_results/Allomyces_macrogynus_ATCC_38327.gff3	16583	85.1	27.8	57.3	2.9	12.0	758	results/reference_annotations/.cache/GCA_000151295.1_A_macrogynus_V3_genomic.gff	19266	75.7	94.7	53.0	54.5	76.7	74.4	44.0	50.6	42.5	51.1	44.0	51.1	13.1	9.6	12.2	15.5	9.4	4.3	16583	19266	15973	15874	939	610	1445	compared
v1.9.0-beta12_container	Aspergillus_fumigatus_Af293	GCF_000002655.1	Ascomycota	legacy	runs/v1.9.0-beta12_container/genome_annotation/Aspergillus_fumigatus_Af293/predict_results/Aspergillus_fumigatus_Af293.gff3	9112	57.5	57.4	0.1	17.5	25.0	3546	results/reference_annotations/.cache/GCF_000002655.1_ASM265v1_genomic.gff	10085	56.9	97.4	22.1	42.3	31.1	90.1	19.9	64.6	26.6	29.5	26.7	29.5	47.4	3.2	67.5	5.5	23.4	2.7	9112	10085	8987	8865	175	125	2286	compared
v1.9.0-beta12_container	Batrachochytrium_dendrobatidis_JAM81	GCF_000203795.2	Chytridiomycota	legacy	runs/v1.9.0-beta12_container/genome_annotation/Batrachochytrium_dendrobatidis_JAM81/predict_results/Batrachochytrium_dendrobatidis_JAM81.gff3	7590	50.7	50.0	0.7	10.7	38.7	758	results/reference_annotations/.cache/GCF_000203795.2_v1.1_genomic.gff	8386	67.7	82.9	36.0	59.3	40.7	78.4	17.9	43.2	24.8	27.4	24.9	27.4	45.0	12.0	55.5	13.5	26.4	7.7	7590	8386	7114	7013	159	476	2145	compared
v1.9.0-beta12_container	Botrytis_cinerea_B05.10	GCF_000143535.2	Ascomycota	legacy	runs/v1.9.0-beta12_container/genome_annotation/Botrytis_cinerea_B05.10/predict_results/Botrytis_cinerea_B05.10.gff3	10353	63.5	63.5	0.0	11.8	24.7	3234	results/reference_annotations/.cache/GCF_000143535.2_ASM14353v4_genomic.gff	11698	53.3	97.8	17.9	35.1	36.0	98.3	25.7	83.2	24.9	32.9	29.2	32.9	45.4	2.5	62.9	0.6	24.6	4.5	10353	11698	9955	9892	90	398	2840	compared
v1.9.0-beta12_container	Chaetomium_globosum_CBS_148.51	GCF_000143365.1	Ascomycota	legacy	runs/v1.9.0-beta12_container/genome_annotation/Chaetomium_globosum_CBS_148.51/predict_results/Chaetomium_globosum_CBS_148.51.gff3	9696	53.5	53.4	0.1	18.5	28.0	3817	results/reference_annotations/.cache/GCF_000143365.1_ASM14336v1_genomic.gff	11222	62.3	93.2	22.3	45.5	21.5	69.1	12.6	44.7	21.0	24.3	21.0	24.3	52.9	8.0	73.5	11.2	31.3	5.2	9696	11222	9357	9198	184	339	3392	compared
v1.9.0-beta12_container	Chaetomium_globosum_CBS_148.51.evmtest_20260919_2339																																							no_samples_row
v1.9.0-beta12_container	Cryptococcus_neoformans_H99	GCF_000149245.1	Basidiomycota	legacy	runs/v1.9.0-beta12_container/genome_annotation/Cryptococcus_neoformans_H99/predict_results/Cryptococcus_neoformans_H99.gff3	6970	95.1	95.0	0.1	2.5	2.5	4284	results/reference_annotations/.cache/GCF_000149245.1_CNA3_genomic.gff	8334	67.3	99.1	64.9	72.6	86.3	94.3	49.4	63.5	47.5	62.7	52.4	62.7	11.8	1.1	11.0	3.6	16.4	0.9	6970	8334	6925	6909	1862	45	780	compared
v1.9.0-beta12_container	Fusarium_verticillioides_7600	GCF_000149555.1	Ascomycota	legacy	runs/v1.9.0-beta12_container/genome_annotation/Fusarium_verticillioides_7600/predict_results/Fusarium_verticillioides_7600.gff3	13782	71.2	71.1	0.1	13.7	15.1	3817	results/reference_annotations/.cache/GCF_000149555.1_ASM14955v1_genomic.gff	16286	57.5	98.5	25.7	49.2	41.1	96.2	24.3	83.6	29.8	45.4	38.4	45.4	40.3	1.1	57.7	2.0	23.6	1.0	13782	16286	13714	13643	1541	68	3561	compared
v1.9.0-beta12_container	Malassezia_globosa_CBS_7966	GCF_000181695.2	Basidiomycota	legacy	runs/v1.9.0-beta12_container/genome_annotation/Malassezia_globosa_CBS_7966/predict_results/Malassezia_globosa_CBS_7966.gff3	3965	59.8	59.6	0.1	10.3	30.0	1764	results/reference_annotations/.cache/GCF_000181695.2_ASM18169v2_genomic.gff	4278	88.7	93.9	40.8	52.9	16.2	35.8	9.2	21.1	60.4	65.2	60.4	65.2	33.3	14.5	81.7	58.1	16.0	7.6	3965	4278	3683	3665	52	282	645	compared
v1.9.0-beta12_container	Pneumocystis_murina_B123	GCF_000349005.2	Ascomycota	legacy	runs/v1.9.0-beta12_container/genome_annotation/Pneumocystis_murina_B123/predict_results/Pneumocystis_murina_B123.gff3	3214	66.7	66.6	0.1	3.3	30.0	1706	results/reference_annotations/.cache/GCF_000349005.2_Pneumo_murina_B123_V4_genomic.gff	3675	87.9	98.6	71.7	69.4	81.9	76.9	31.1	35.0	32.2	36.8	32.3	36.8	8.9	5.8	8.5	14.1	8.4	0.7	3214	3675	3204	3194	242	10	247	compared
v1.9.0-beta12_container	Rhodotorula_toruloides_NP11.stale_rnaseq_20260920																																							no_samples_row
v1.9.0-beta12_container	Saccharomyces_cerevisiae_S288C	GCF_000146045.2	Ascomycota	legacy	runs/v1.9.0-beta12_container/genome_annotation/Saccharomyces_cerevisiae_S288C/predict_results/Saccharomyces_cerevisiae_S288C.gff3	5545	95.1	93.2	2.0	1.8	3.1	2137	results/reference_annotations/.cache/GCF_000146045.2_R64_genomic.gff	6459	90.6	99.8	75.6	92.0	13.2	70.1	13.1	68.2	80.8	94.4	82.1	94.4	17.1	0.4	84.0	14.9	13.3	0.3	5545	6459	5523	5515	62	22	856	compared
v1.9.0-beta12_container	Schizophyllum_commune_H4-8	GCF_000143185.2	Basidiomycota	legacy	runs/v1.9.0-beta12_container/genome_annotation/Schizophyllum_commune_H4-8/predict_results/Schizophyllum_commune_H4-8.gff3	12845	92.8	91.9	0.9	1.8	5.4	2898	results/reference_annotations/.cache/GCF_000143185.2_Schco3_genomic.gff	16466	74.3	94.4	62.1	70.3	78.1	86.0	39.4	47.2	36.2	46.4	37.6	46.4	15.9	4.4	14.5	6.5	18.0	1.8	12845	16466	12723	12625	1076	122	2699	compared
v1.9.0-beta12_container	Tilletiopsis_washingtonensis_MCA_4186	GCF_003144115.1	Basidiomycota	legacy	runs/v1.9.0-beta12_container/genome_annotation/Tilletiopsis_washingtonensis_MCA_4186/predict_results/Tilletiopsis_washingtonensis_MCA_4186.gff3	6189	90.0	89.8	0.2	2.0	8.0	1764	results/reference_annotations/.cache/GCF_003144115.1_Tilwa1_genomic.gff	7053	80.8	92.8	71.8	72.3	90.8	88.5	62.4	65.0	55.6	63.4	57.2	63.4	6.5	4.5	5.3	8.0	10.5	2.8	6189	7053	6079	6013	844	110	555	compared
v1.9.0-beta12_container	Umbelopsis_ramanniana_AG	GCF_025399195.1	Mucoromycota	legacy	runs/v1.9.0-beta12_container/genome_annotation/Umbelopsis_ramanniana_AG/predict_results/Umbelopsis_ramanniana_AG.gff3	9223	89.6	87.7	1.9	0.9	9.6	2449	results/reference_annotations/.cache/GCF_025399195.1_Umbra1_genomic.gff	10037	81.6	91.2	70.0	66.9	92.3	85.3	56.6	55.6	49.7	54.1	52.1	54.1	4.5	7.5	4.6	11.7	6.6	4.7	9223	10037	8852	8786	976	371	548	compared
v1.9.0-beta12_container	Yarrowia_lipolytica_CLIB122	GCF_000002525.2	Ascomycota	legacy	runs/v1.9.0-beta12_container/genome_annotation/Yarrowia_lipolytica_CLIB122/predict_results/Yarrowia_lipolytica_CLIB122.gff3	6742	92.2	91.8	0.4	2.7	5.1	2137	results/reference_annotations/.cache/GCF_000002525.2_ASM252v1_genomic.gff	7139	92.7	98.2	69.1	78.7	39.0	70.9	36.3	71.8	78.3	83.1	78.6	83.1	12.9	4.5	58.7	24.7	8.5	2.8	6742	7139	6556	6552	4	186	608	compared
v1.9.0-beta12_container	Zygosaccharomyces_rouxii_CBS_732	GCF_000026365.1	Ascomycota	legacy	runs/v1.9.0-beta12_container/genome_annotation/Zygosaccharomyces_rouxii_CBS_732/predict_results/Zygosaccharomyces_rouxii_CBS_732.gff3	4901	94.9	94.7	0.2	2.0	3.1	2137	results/reference_annotations/.cache/GCF_000026365.1_ASM2636v1_genomic.gff	5323	93.8	99.5	79.2	87.7	11.4	24.8	11.1	24.0	85.3	92.6	85.3	92.6	10.9	1.2	83.6	64.4	8.9	1.0	4901	5323	4857	4850	41	44	436	compared
v1.9.0-beta12_container_rust	Allomyces_macrogynus_ATCC_38327	GCA_000151295.1	Blastocladiomycota	legacy	runs/v1.9.0-beta12_container_rust/genome_annotation/Allomyces_macrogynus_ATCC_38327/predict_results/Allomyces_macrogynus_ATCC_38327.gff3	15475	83.5	34.7	48.8	3.7	12.8	758	results/reference_annotations/.cache/GCA_000151295.1_A_macrogynus_V3_genomic.gff	19266	70.3	94.7	49.8	54.7	72.0	74.7	41.4	50.9	40.0	51.6	41.4	51.6	18.7	9.5	17.6	15.4	15.3	4.3	15475	19266	14909	14814	890	566	2521	compared
v1.9.0-beta12_container_rust	Aspergillus_fumigatus_Af293	GCF_000002655.1	Ascomycota	legacy	runs/v1.9.0-beta12_container_rust/genome_annotation/Aspergillus_fumigatus_Af293/predict_results/Aspergillus_fumigatus_Af293.gff3	9103	57.2	57.2	0.1	17.6	25.1	3546	results/reference_annotations/.cache/GCF_000002655.1_ASM265v1_genomic.gff	10085	56.8	97.4	22.1	42.3	31.0	90.1	19.7	64.7	26.5	29.4	26.6	29.4	47.6	3.2	67.6	5.6	23.5	2.7	9103	10085	8978	8857	174	125	2294	compared
v1.9.0-beta12_container_rust	Batrachochytrium_dendrobatidis_JAM81	GCF_000203795.2	Chytridiomycota	legacy	runs/v1.9.0-beta12_container_rust/genome_annotation/Batrachochytrium_dendrobatidis_JAM81/predict_results/Batrachochytrium_dendrobatidis_JAM81.gff3	7601	50.1	49.5	0.7	10.8	39.1	758	results/reference_annotations/.cache/GCF_000203795.2_v1.1_genomic.gff	8386	67.6	82.9	35.9	59.3	40.6	78.6	17.8	43.4	24.6	27.2	24.7	27.2	45.1	11.9	55.7	13.4	26.5	7.9	7601	8386	7116	7013	162	485	2149	compared
v1.9.0-beta12_container_rust	Botrytis_cinerea_B05.10	GCF_000143535.2	Ascomycota	legacy	runs/v1.9.0-beta12_container_rust/genome_annotation/Botrytis_cinerea_B05.10/predict_results/Botrytis_cinerea_B05.10.gff3	10390	63.5	63.5	0.0	11.6	25.0	3234	results/reference_annotations/.cache/GCF_000143535.2_ASM14353v4_genomic.gff	11698	53.4	97.8	17.9	35.0	36.0	98.3	25.6	83.2	24.8	32.7	29.1	32.7	45.3	2.5	63.0	0.6	24.5	4.5	10390	11698	9992	9929	90	398	2820	compared
v1.9.0-beta12_container_rust	Chaetomium_globosum_CBS_148.51	GCF_000143365.1	Ascomycota	legacy	runs/v1.9.0-beta12_container_rust/genome_annotation/Chaetomium_globosum_CBS_148.51/predict_results/Chaetomium_globosum_CBS_148.51.gff3	9627	53.2	53.0	0.1	18.4	28.4	3817	results/reference_annotations/.cache/GCF_000143365.1_ASM14336v1_genomic.gff	11222	62.0	93.2	22.1	45.4	21.3	68.9	12.4	44.4	20.8	24.3	20.8	24.3	53.2	8.1	73.6	11.3	31.6	5.2	9627	11222	9293	9133	186	334	3431	compared
v1.9.0-beta12_container_rust	Chaetomium_globosum_CBS_148.51.evmtest_seeded_20260919_2338																																							no_samples_row
v1.9.0-beta12_container_rust	Cryptococcus_neoformans_H99	GCF_000149245.1	Basidiomycota	legacy	runs/v1.9.0-beta12_container_rust/genome_annotation/Cryptococcus_neoformans_H99/predict_results/Cryptococcus_neoformans_H99.gff3	6984	95.3	95.3	0.1	2.5	2.2	4284	results/reference_annotations/.cache/GCF_000149245.1_CNA3_genomic.gff	8334	67.3	99.1	64.9	72.6	86.3	94.3	49.5	63.6	47.7	62.7	52.6	62.7	11.8	1.1	11.0	3.6	16.4	0.9	6984	8334	6936	6920	1867	48	770	compared
v1.9.0-beta12_container_rust	Fusarium_verticillioides_7600	GCF_000149555.1	Ascomycota	legacy	runs/v1.9.0-beta12_container_rust/genome_annotation/Fusarium_verticillioides_7600/predict_results/Fusarium_verticillioides_7600.gff3	13768	71.0	70.9	0.1	13.8	15.2	3817	results/reference_annotations/.cache/GCF_000149555.1_ASM14955v1_genomic.gff	16286	57.3	98.5	25.7	49.2	41.0	96.1	24.2	83.4	29.7	45.2	38.3	45.2	40.4	1.1	57.7	2.0	23.7	1.0	13768	16286	13702	13633	1536	66	3573	compared
v1.9.0-beta12_container_rust	Malassezia_globosa_CBS_7966	GCF_000181695.2	Basidiomycota	legacy	runs/v1.9.0-beta12_container_rust/genome_annotation/Malassezia_globosa_CBS_7966/predict_results/Malassezia_globosa_CBS_7966.gff3	3974	60.3	60.1	0.1	10.3	29.5	1764	results/reference_annotations/.cache/GCF_000181695.2_ASM18169v2_genomic.gff	4278	88.9	93.9	41.1	53.0	16.9	36.5	9.8	22.1	60.6	65.3	60.6	65.3	33.1	14.6	81.1	57.5	15.9	7.6	3974	4278	3687	3670	50	287	643	compared
v1.9.0-beta12_container_rust	Pneumocystis_murina_B123	GCF_000349005.2	Ascomycota	legacy	runs/v1.9.0-beta12_container_rust/genome_annotation/Pneumocystis_murina_B123/predict_results/Pneumocystis_murina_B123.gff3	3212	67.1	67.1	0.1	3.3	29.6	1706	results/reference_annotations/.cache/GCF_000349005.2_Pneumo_murina_B123_V4_genomic.gff	3675	87.9	98.6	71.8	69.5	82.0	77.0	31.4	35.4	32.5	37.1	32.6	37.1	8.9	5.9	8.5	14.1	8.4	0.7	3212	3675	3202	3192	242	10	247	compared
v1.9.0-beta12_container_rust	Rhodotorula_toruloides_NP11.stale_rnaseq_20260920																																							no_samples_row
v1.9.0-beta12_container_rust	Saccharomyces_cerevisiae_S288C	GCF_000146045.2	Ascomycota	legacy	runs/v1.9.0-beta12_container_rust/genome_annotation/Saccharomyces_cerevisiae_S288C/predict_results/Saccharomyces_cerevisiae_S288C.gff3	5545	95.1	93.2	2.0	1.7	3.2	2137	results/reference_annotations/.cache/GCF_000146045.2_R64_genomic.gff	6459	90.6	99.8	75.5	92.0	13.2	70.1	13.1	68.2	80.8	94.4	82.1	94.4	17.1	0.4	84.0	14.9	13.3	0.3	5545	6459	5523	5516	62	22	856	compared
v1.9.0-beta12_container_rust	Schizophyllum_commune_H4-8	GCF_000143185.2	Basidiomycota	legacy	runs/v1.9.0-beta12_container_rust/genome_annotation/Schizophyllum_commune_H4-8/predict_results/Schizophyllum_commune_H4-8.gff3	12724	92.1	91.2	0.9	1.6	6.3	2898	results/reference_annotations/.cache/GCF_000143185.2_Schco3_genomic.gff	16466	73.6	94.4	61.5	70.3	77.4	86.0	39.0	47.3	35.9	46.5	37.3	46.5	16.7	4.4	15.3	6.5	18.7	1.8	12724	16466	12603	12507	1058	121	2825	compared
v1.9.0-beta12_container_rust	Tilletiopsis_washingtonensis_MCA_4186	GCF_003144115.1	Basidiomycota	legacy	runs/v1.9.0-beta12_container_rust/genome_annotation/Tilletiopsis_washingtonensis_MCA_4186/predict_results/Tilletiopsis_washingtonensis_MCA_4186.gff3	6090	89.1	89.0	0.1	2.0	8.9	1764	results/reference_annotations/.cache/GCF_003144115.1_Tilwa1_genomic.gff	7053	79.9	92.9	71.0	72.3	89.9	88.4	61.4	65.0	54.8	63.5	56.4	63.5	7.4	4.5	6.2	8.0	11.6	2.9	6090	7053	5973	5914	834	117	608	compared
v1.9.0-beta12_container_rust	Umbelopsis_ramanniana_AG	GCF_025399195.1	Mucoromycota	legacy	runs/v1.9.0-beta12_container_rust/genome_annotation/Umbelopsis_ramanniana_AG/predict_results/Umbelopsis_ramanniana_AG.gff3	9215	89.6	87.6	2.0	0.9	9.6	2449	results/reference_annotations/.cache/GCF_025399195.1_Umbra1_genomic.gff	10037	81.7	91.1	70.0	66.9	92.3	85.2	56.7	55.5	49.6	54.1	52.0	54.1	4.5	7.4	4.6	11.7	6.6	4.8	9215	10037	8843	8776	977	372	545	compared
v1.9.0-beta12_container_rust	Yarrowia_lipolytica_CLIB122	GCF_000002525.2	Ascomycota	legacy	runs/v1.9.0-beta12_container_rust/genome_annotation/Yarrowia_lipolytica_CLIB122/predict_results/Yarrowia_lipolytica_CLIB122.gff3	6750	92.2	91.8	0.4	2.7	5.1	2137	results/reference_annotations/.cache/GCF_000002525.2_ASM252v1_genomic.gff	7139	92.8	98.2	69.3	78.6	39.5	70.9	36.6	71.5	78.4	83.1	78.6	83.1	12.8	4.5	58.2	24.8	8.4	2.9	6750	7139	6562	6557	5	188	602	compared
v1.9.0-beta12_container_rust	Zygosaccharomyces_rouxii_CBS_732	GCF_000026365.1	Ascomycota	legacy	runs/v1.9.0-beta12_container_rust/genome_annotation/Zygosaccharomyces_rouxii_CBS_732/predict_results/Zygosaccharomyces_rouxii_CBS_732.gff3	4900	94.9	94.7	0.2	2.0	3.1	2137	results/reference_annotations/.cache/GCF_000026365.1_ASM2636v1_genomic.gff	5323	93.8	99.5	79.1	87.7	11.4	24.5	11.1	23.8	85.3	92.7	85.3	92.7	11.0	1.2	83.6	64.7	9.0	1.0	4900	5323	4855	4849	40	45	437	compared
v1.9.0-rc1_conda	Allomyces_macrogynus_ATCC_38327	GCA_000151295.1	Blastocladiomycota	legacy	runs/v1.9.0-rc1_conda/genome_annotation/Allomyces_macrogynus_ATCC_38327/predict_results/Allomyces_macrogynus_ATCC_38327.gff3	17877	85.2	26.5	58.7	2.8	12.0	758	results/reference_annotations/.cache/GCA_000151295.1_A_macrogynus_V3_genomic.gff	19266	76.3	96.2	55.3	57.7	78.4	79.9	53.4	54.6	48.9	54.6	50.7	54.6	12.3	6.7	12.9	11.6	9.3	3.6	17877	19266	17310	17226	749	567	1676	compared
v1.9.0-rc1_conda	Aspergillus_clavatus_NRRL_1	GCF_000002715.2	Ascomycota	legacy	runs/v1.9.0-rc1_conda/genome_annotation/Aspergillus_clavatus_NRRL_1/predict_results/Aspergillus_clavatus_NRRL_1.gff3	8977	97.3	97.2	0.1	1.2	1.5	3546	results/reference_annotations/.cache/GCF_000002715.2_ASM271v1_genomic.gff	9352	96.4	98.2	82.5	83.5	85.2	85.0	67.0	68.3	69.4	72.3	69.4	72.3	6.3	4.4	6.8	6.4	5.1	1.4	8977	9352	8874	8854	27	103	459	compared
v1.9.0-rc1_conda	Aspergillus_fumigatus_Af293	GCF_000002655.1	Ascomycota	legacy	runs/v1.9.0-rc1_conda/genome_annotation/Aspergillus_fumigatus_Af293/predict_results/Aspergillus_fumigatus_Af293.gff3	9944	96.2	95.9	0.3	2.2	1.6	3546	results/reference_annotations/.cache/GCF_000002655.1_ASM265v1_genomic.gff	10085	73.8	97.1	52.7	55.4	77.5	82.7	54.4	55.7	52.8	53.6	52.9	53.6	12.9	6.6	17.4	10.9	6.8	4.4	9944	10085	9628	9506	213	316	608	compared
v1.9.0-rc1_conda	Batrachochytrium_dendrobatidis_JAM81	GCF_000203795.2	Chytridiomycota	legacy	runs/v1.9.0-rc1_conda/genome_annotation/Batrachochytrium_dendrobatidis_JAM81/predict_results/Batrachochytrium_dendrobatidis_JAM81.gff3	8271	90.2	88.8	1.5	2.1	7.7	758	results/reference_annotations/.cache/GCF_000203795.2_v1.1_genomic.gff	8386	90.9	84.0	72.9	68.4	83.5	76.6	44.8	43.0	44.9	45.5	44.9	45.5	7.0	13.4	8.6	14.9	6.1	5.9	8271	8386	7905	7797	222	366	449	compared
v1.9.0-rc1_conda	Blastomyces_dermatitidis_ER-3	GCF_000003525.1	Ascomycota	legacy	runs/v1.9.0-rc1_conda/genome_annotation/Blastomyces_dermatitidis_ER-3/predict_results/Blastomyces_dermatitidis_ER-3.gff3	8445	97.4	97.3	0.1	1.2	1.4	3546	results/reference_annotations/.cache/GCF_000003525.1_BD_ER3_V1_genomic.gff	9886	53.3	97.8	36.1	49.2	65.3	86.2	39.8	55.1	35.7	50.2	42.1	50.2	23.4	3.7	26.1	5.1	20.1	3.3	8445	9886	8243	8154	1792	202	1726	compared
v1.9.0-rc1_conda	Botrytis_cinerea_B05.10	GCF_000143535.2	Ascomycota	legacy	runs/v1.9.0-rc1_conda/genome_annotation/Botrytis_cinerea_B05.10/predict_results/Botrytis_cinerea_B05.10.gff3	12172	98.7	98.6	0.0	0.8	0.6	3234	results/reference_annotations/.cache/GCF_000143535.2_ASM14353v4_genomic.gff	11698	69.6	97.9	40.7	44.6	83.9	93.4	65.3	77.0	57.8	65.0	67.7	65.0	8.9	3.6	13.0	4.9	3.3	6.1	12172	11698	11488	11427	119	684	359	compared
v1.9.0-rc1_conda	Chaetomium_globosum_CBS_148.51	GCF_000143365.1	Ascomycota	legacy	runs/v1.9.0-rc1_conda/genome_annotation/Chaetomium_globosum_CBS_148.51/predict_results/Chaetomium_globosum_CBS_148.51.gff3	11102	83.0	82.9	0.1	10.3	6.8	3817	results/reference_annotations/.cache/GCF_000143365.1_ASM14336v1_genomic.gff	11222	82.2	92.1	48.6	55.6	50.4	61.5	31.2	33.3	35.7	36.1	35.7	36.1	24.1	12.1	32.7	14.8	14.0	6.0	11102	11222	10624	10439	232	478	1448	compared
v1.9.0-rc1_conda	Cokeromyces_recurvatus_NRRL_2243	GCF_025118155.1	Mucoromycota	legacy	runs/v1.9.0-rc1_conda/genome_annotation/Cokeromyces_recurvatus_NRRL_2243/predict_results/Cokeromyces_recurvatus_NRRL_2243.gff3	10653	95.1	93.9	1.2	1.3	3.7	2449	results/reference_annotations/.cache/GCF_025118155.1_Cokrec1_genomic.gff	11064	85.6	91.9	68.0	66.9	84.8	82.0	51.0	50.3	47.4	49.2	48.9	49.2	8.1	9.0	10.1	12.5	8.0	5.9	10653	11064	10091	10029	553	562	813	compared
v1.9.0-rc1_conda	Colletotrichum_graminicola_M1.001	GCF_000149035.1	Ascomycota	legacy	runs/v1.9.0-rc1_conda/genome_annotation/Colletotrichum_graminicola_M1.001/predict_results/Colletotrichum_graminicola_M1.001.gff3	11823	98.1	98.0	0.1	1.2	0.7	3817	results/reference_annotations/.cache/GCF_000149035.1_C_graminicola_M1_001_V1_genomic.gff	12398	94.0	96.2	78.4	80.5	83.9	85.2	70.2	69.6	67.7	71.0	67.8	71.0	9.2	5.9	10.9	9.2	8.3	3.8	11823	12398	11402	11369	49	421	982	compared
v1.9.0-rc1_conda	Cryptococcus_deneoformans_JEC21	GCF_000091045.1	Basidiomycota	legacy	runs/v1.9.0-rc1_conda/genome_annotation/Cryptococcus_deneoformans_JEC21/predict_results/Cryptococcus_deneoformans_JEC21.gff3	7042	97.3	97.0	0.3	1.5	1.2	4284	results/reference_annotations/.cache/GCF_000091045.1_ASM9104v1_genomic.gff	6766	78.8	97.9	74.6	78.3	91.0	96.7	67.2	68.8	67.3	66.9	69.6	66.9	6.8	2.4	7.9	2.4	2.5	5.0	7042	6766	6726	6690	656	316	131	compared
v1.9.0-rc1_conda	Cryptococcus_neoformans_H99	GCF_000149245.1	Basidiomycota	legacy	runs/v1.9.0-rc1_conda/genome_annotation/Cryptococcus_neoformans_H99/predict_results/Cryptococcus_neoformans_H99.gff3	7065	97.2	97.1	0.0	1.7	1.1	4284	results/reference_annotations/.cache/GCF_000149245.1_CNA3_genomic.gff	8334	68.0	99.2	64.9	75.5	85.3	97.8	54.5	69.7	52.3	68.0	57.6	68.0	13.1	0.7	13.1	1.0	17.1	0.9	7065	8334	7019	7003	1804	46	848	compared
v1.9.0-rc1_conda	Cystobasidium_minutum_MCA_4210	GCF_039999085.1	Basidiomycota	legacy	runs/v1.9.0-rc1_conda/genome_annotation/Cystobasidium_minutum_MCA_4210/predict_results/Cystobasidium_minutum_MCA_4210.gff3	7171	91.0	90.8	0.2	1.9	7.1	1764	results/reference_annotations/.cache/GCF_039999085.1_Rhomi1_genomic.gff	7855	81.4	91.7	67.3	70.6	83.1	86.5	47.4	50.8	46.1	50.6	46.8	50.6	9.9	5.5	8.9	7.1	7.6	2.8	7171	7855	6986	6965	383	185	566	compared
v1.9.0-rc1_conda	Dactylellina_haptotyla_CBS_200.50	GCF_000441935.1	Ascomycota	legacy	runs/v1.9.0-rc1_conda/genome_annotation/Dactylellina_haptotyla_CBS_200.50/predict_results/Dactylellina_haptotyla_CBS_200.50.gff3	10840	93.1	93.1	0.0	2.8	4.2	1706	results/reference_annotations/.cache/GCF_000441935.1_MHA_v2_genomic.gff	10959	93.1	98.8	81.5	83.3	84.6	86.8	67.0	65.6	67.9	68.6	67.9	68.6	7.4	3.7	7.3	5.5	5.9	2.3	10840	10959	10630	10592	58	210	614	compared
v1.9.0-rc1_conda	Drepanopeziza_brunnea_MB_m1	GCF_000298775.1	Ascomycota	legacy	runs/v1.9.0-rc1_conda/genome_annotation/Drepanopeziza_brunnea_MB_m1/predict_results/Drepanopeziza_brunnea_MB_m1.gff3	5617	38.7	38.6	0.0	10.9	50.4	3234	results/reference_annotations/.cache/GCF_000298775.1_ASM29877v1_genomic.gff	10025	43.1	98.2	22.7	56.8	24.9	74.6	15.4	33.7	17.0	30.3	17.0	30.3	63.0	3.9	69.8	10.5	48.2	3.6	5617	10025	5484	5417	70	133	4798	compared
v1.9.0-rc1_conda	Eremothecium_gossypii_ATCC_10895	GCF_000091025.4	Ascomycota	legacy	runs/v1.9.0-rc1_conda/genome_annotation/Eremothecium_gossypii_ATCC_10895/predict_results/Eremothecium_gossypii_ATCC_10895.gff3	4601	96.1	96.0	0.1	0.6	3.4	2137	results/reference_annotations/.cache/GCF_000091025.4_ASM9102v4_genomic.gff	5314	92.2	99.5	70.9	75.6	51.6	25.0	46.7	24.1	74.3	85.8	74.4	85.8	11.5	2.4	32.9	67.4	10.6	0.8	4601	5314	4579	4564	54	22	528	compared
v1.9.0-rc1_conda	Fusarium_oxysporum_4287	GCF_000149955.1	Ascomycota	legacy	runs/v1.9.0-rc1_conda/genome_annotation/Fusarium_oxysporum_4287/predict_results/Fusarium_oxysporum_4287.gff3	17287	92.4	91.6	0.8	4.6	3.1	3817	results/reference_annotations/.cache/GCF_000149955.1_ASM14995v2_genomic.gff	21344	59.1	97.3	35.5	49.9	65.8	84.2	40.0	62.8	37.0	59.5	48.2	59.5	24.1	3.8	28.4	9.6	22.4	2.6	17287	21344	16939	16840	2588	348	4473	compared
v1.9.0-rc1_conda	Fusarium_verticillioides_7600	GCF_000149555.1	Ascomycota	legacy	runs/v1.9.0-rc1_conda/genome_annotation/Fusarium_verticillioides_7600/predict_results/Fusarium_verticillioides_7600.gff3	15082	97.1	96.9	0.2	2.0	0.8	3817	results/reference_annotations/.cache/GCF_000149555.1_ASM14955v1_genomic.gff	16286	70.0	98.4	47.7	59.5	77.9	91.1	51.9	76.1	50.8	70.7	65.5	70.7	14.2	2.8	18.6	5.8	9.1	1.6	15082	16286	14917	14844	1905	165	1345	compared
v1.9.0-rc1_conda	Gaeumannomyces_tritici_R3-111a-1	GCF_000145635.1	Ascomycota	legacy	runs/v1.9.0-rc1_conda/genome_annotation/Gaeumannomyces_tritici_R3-111a-1/predict_results/Gaeumannomyces_tritici_R3-111a-1.gff3	11597	95.8	95.6	0.2	2.4	1.8	3817	results/reference_annotations/.cache/GCF_000145635.1_Gae_graminis_V2_genomic.gff	14669	64.5	97.8	33.5	43.6	64.9	85.3	51.1	64.9	44.8	57.8	45.5	57.8	27.2	3.8	30.3	8.4	24.3	2.1	11597	14669	11447	11315	1115	150	3356	compared
v1.9.0-rc1_conda	Kluyveromyces_lactis_NRRL_Y-1140	GCF_000002515.2	Ascomycota	legacy	runs/v1.9.0-rc1_conda/genome_annotation/Kluyveromyces_lactis_NRRL_Y-1140/predict_results/Kluyveromyces_lactis_NRRL_Y-1140.gff3	4928	96.3	96.2	0.1	0.9	2.8	2137	results/reference_annotations/.cache/GCF_000002515.2_ASM251v1_genomic.gff	5335	96.4	99.0	82.9	86.8	56.1	32.7	57.7	32.5	85.3	92.4	85.4	92.4	8.5	2.6	35.7	62.3	7.9	1.1	4928	5335	4875	4874	33	53	399	compared
v1.9.0-rc1_conda	Laccaria_bicolor_S238N-H82	GCF_000143565.1	Basidiomycota	legacy	runs/v1.9.0-rc1_conda/genome_annotation/Laccaria_bicolor_S238N-H82/predict_results/Laccaria_bicolor_S238N-H82.gff3	15721	90.2	88.5	1.7	2.4	7.3	2898	results/reference_annotations/.cache/GCF_000143565.1_V1.0_genomic.gff	18213	77.2	76.9	47.7	55.5	55.7	64.8	18.4	21.0	18.5	21.4	18.5	21.4	30.8	20.8	32.6	21.9	28.8	18.2	15721	18213	13160	12855	517	2561	4980	compared
v1.9.0-rc1_conda	Lachancea_thermotolerans_CBS_6340	GCF_000142805.1	Ascomycota	legacy	runs/v1.9.0-rc1_conda/genome_annotation/Lachancea_thermotolerans_CBS_6340/predict_results/Lachancea_thermotolerans_CBS_6340.gff3	5016	94.8	94.7	0.1	2.0	3.2	2137	results/reference_annotations/.cache/GCF_000142805.1_ASM14280v1_genomic.gff	5384	94.4	98.9	78.5	81.2	62.8	41.2	61.7	41.0	83.3	89.4	83.3	89.4	8.2	3.1	28.7	53.3	7.8	1.5	5016	5384	4950	4942	32	66	390	compared
v1.9.0-rc1_conda	Leptographium_clavigerum_kw1407	GCF_000143105.1	Ascomycota	legacy	runs/v1.9.0-rc1_conda/genome_annotation/Leptographium_clavigerum_kw1407/predict_results/Leptographium_clavigerum_kw1407.gff3	7926	89.7	89.5	0.2	3.0	7.3	3817	results/reference_annotations/.cache/GCF_000143105.1_Sanger-454-IlluminaPA_2.0_genomic.gff	8311	87.6	97.8	64.6	72.2	67.4	78.2	50.4	52.4	53.2	55.8	53.2	55.8	15.7	4.3	20.7	8.2	11.5	3.3	7926	8311	7695	7670	92	231	909	compared
v1.9.0-rc1_conda	Letharia_columbiana_WasteWater2	GCF_014066305.1	Ascomycota	legacy	runs/v1.9.0-rc1_conda/genome_annotation/Letharia_columbiana_WasteWater2/predict_results/Letharia_columbiana_WasteWater2.gff3	11527	93.3	90.2	3.0	2.5	4.3	1706	results/reference_annotations/.cache/GCF_014066305.1_Lecol_v1.0_genomic.gff	13385	92.0	96.1	65.7	72.7	71.7	77.3	47.8	51.3	48.4	56.3	48.4	56.3	15.5	6.4	17.3	11.6	11.8	3.0	11527	13385	11264	11187	155	263	1457	compared
v1.9.0-rc1_conda	Lipomyces_tetrasporus_NRRL_Y-64009	GCF_029532465.1	Ascomycota	legacy	runs/v1.9.0-rc1_conda/genome_annotation/Lipomyces_tetrasporus_NRRL_Y-64009/predict_results/Lipomyces_tetrasporus_NRRL_Y-64009.gff3	7786	89.2	88.2	1.0	4.7	6.1	2137	results/reference_annotations/.cache/GCF_029532465.1_Liptet1_genomic.gff	8094	78.8	96.4	49.9	53.7	80.9	88.7	65.7	67.3	58.1	60.4	58.7	60.4	11.4	3.8	15.6	7.5	7.4	3.0	7786	8094	7585	7554	224	201	577	compared
v1.9.0-rc1_conda	Malassezia_globosa_CBS_7966	GCF_000181695.2	Basidiomycota	legacy	runs/v1.9.0-rc1_conda/genome_annotation/Malassezia_globosa_CBS_7966/predict_results/Malassezia_globosa_CBS_7966.gff3	4397	82.7	82.6	0.1	4.3	13.0	1764	results/reference_annotations/.cache/GCF_000181695.2_ASM18169v2_genomic.gff	4278	95.2	89.5	52.2	38.2	67.1	32.5	39.3	18.1	48.2	46.9	48.2	46.9	8.1	27.5	21.0	60.1	4.4	9.4	4397	4278	4005	3982	81	392	162	compared
v1.9.0-rc1_conda	Malassezia_sympodialis_ATCC_42132	GCF_000349305.1	Basidiomycota	legacy	runs/v1.9.0-rc1_conda/genome_annotation/Malassezia_sympodialis_ATCC_42132/predict_results/Malassezia_sympodialis_ATCC_42132.gff3	4018	80.0	80.0	0.0	3.4	16.6	1764	results/reference_annotations/.cache/GCF_000349305.1_ASM34930v2_genomic.gff	3318	92.3	82.5	38.9	29.0	43.0	27.9	22.9	18.1	31.2	27.4	31.2	27.4	10.2	27.3	32.8	53.6	5.6	16.2	4018	3318	3246	3212	143	772	116	compared
v1.9.0-rc1_conda	Mixia_osmundae_IAM_14324	GCF_000708205.1	Basidiomycota	legacy	runs/v1.9.0-rc1_conda/genome_annotation/Mixia_osmundae_IAM_14324/predict_results/Mixia_osmundae_IAM_14324.gff3	6333	88.4	87.5	1.0	3.3	8.3	1764	results/reference_annotations/.cache/GCF_000708205.1_Mixia_osmundae_v1.0_genomic.gff	6838	84.4	97.6	56.9	67.1	69.0	83.4	36.6	38.9	35.8	38.6	37.1	38.6	16.6	2.2	21.0	5.8	11.6	1.1	6333	6838	6282	6265	1177	51	733	compared
v1.9.0-rc1_conda	Morchella_sextelata_SCLS	GCF_020137385.1	Ascomycota	legacy	runs/v1.9.0-rc1_conda/genome_annotation/Morchella_sextelata_SCLS/predict_results/Morchella_sextelata_SCLS.gff3	12368	96.4	94.0	2.4	2.0	1.6	1706	results/reference_annotations/.cache/GCF_020137385.1_ASM2013738v1_genomic.gff	13182	83.0	92.6	68.0	77.3	73.0	85.3	58.0	58.2	53.6	57.1	53.6	57.1	18.8	9.6	22.9	9.8	17.7	11.7	12368	13182	10994	10917	102	1374	2239	compared
v1.9.0-rc1_conda	Mucor_mucedo_NRRL_3635	GCF_025094135.1	Mucoromycota	legacy	runs/v1.9.0-rc1_conda/genome_annotation/Mucor_mucedo_NRRL_3635/predict_results/Mucor_mucedo_NRRL_3635.gff3	15314	94.8	93.8	1.0	0.7	4.5	2449	results/reference_annotations/.cache/GCF_025094135.1_Mucmuc1_genomic.gff	14225	84.0	83.8	63.6	59.0	80.4	74.5	51.9	46.6	49.2	45.7	50.2	45.7	11.8	17.5	14.3	19.8	10.2	16.3	15314	14225	12939	12817	759	2375	1298	compared
v1.9.0-rc1_conda	Nakaseomyces_glabratus_CBS_138	GCF_000002545.3	Ascomycota	legacy	runs/v1.9.0-rc1_conda/genome_annotation/Nakaseomyces_glabratus_CBS_138/predict_results/Nakaseomyces_glabratus_CBS_138.gff3	5157	96.6	95.6	1.0	0.8	2.6	2137	results/reference_annotations/.cache/GCF_000002545.3_ASM254v2_genomic.gff	5458	96.8	98.8	80.3	78.4	25.3	7.2	24.0	7.7	82.9	87.8	83.0	87.8	5.9	5.0	53.9	86.3	4.7	1.1	5157	5458	5116	5100	28	41	243	compared
v1.9.0-rc1_conda	Orbilia_oligospora_ATCC_24927	GCF_000225545.1	Ascomycota	legacy	runs/v1.9.0-rc1_conda/genome_annotation/Orbilia_oligospora_ATCC_24927/predict_results/Orbilia_oligospora_ATCC_24927.gff3	11773	96.5	96.3	0.2	1.3	2.1	1706	results/reference_annotations/.cache/GCF_000225545.1_AOL24927_1.0_genomic.gff	11479	97.7	96.7	87.6	82.5	92.6	85.9	75.6	70.2	73.3	71.5	73.3	71.5	2.8	7.4	3.4	9.8	2.1	5.2	11773	11479	11186	11165	35	587	218	compared
v1.9.0-rc1_conda	Parastagonospora_nodorum_SN15	GCF_000146915.1	Ascomycota	legacy	runs/v1.9.0-rc1_conda/genome_annotation/Parastagonospora_nodorum_SN15/predict_results/Parastagonospora_nodorum_SN15.gff3	13513	90.1	89.9	0.2	6.3	3.6	3786	results/reference_annotations/.cache/GCF_000146915.1_ASM14691v2_genomic.gff	16087	86.4	90.6	40.2	47.2	47.8	55.7	26.2	32.9	30.6	36.5	30.7	36.5	22.6	12.2	34.1	20.6	20.1	2.0	13513	16087	13294	13229	342	219	3033	compared
v1.9.0-rc1_conda	Phycomyces_blakesleeanus_NRRL_1555_-	GCF_001638985.1	Mucoromycota	legacy	runs/v1.9.0-rc1_conda/genome_annotation/Phycomyces_blakesleeanus_NRRL_1555_-/predict_results/Phycomyces_blakesleeanus_NRRL_1555_-.gff3	15040	97.1	95.5	1.6	1.0	1.9	2449	results/reference_annotations/.cache/GCF_001638985.1_Phybl2_genomic.gff	16850	75.8	79.3	55.5	60.9	65.5	71.3	33.6	37.8	34.8	39.0	34.9	39.0	24.6	17.4	26.0	18.5	21.0	8.8	15040	16850	14074	13723	545	966	3284	compared
v1.9.0-rc1_conda	Pneumocystis_murina_B123	GCF_000349005.2	Ascomycota	legacy	runs/v1.9.0-rc1_conda/genome_annotation/Pneumocystis_murina_B123/predict_results/Pneumocystis_murina_B123.gff3	3205	66.8	66.7	0.1	3.2	30.0	1706	results/reference_annotations/.cache/GCF_000349005.2_Pneumo_murina_B123_V4_genomic.gff	3675	87.9	98.6	71.9	69.6	82.0	77.1	31.5	35.6	32.6	37.4	32.7	37.4	8.9	5.7	8.5	14.0	8.4	0.7	3205	3675	3195	3185	242	10	247	compared
v1.9.0-rc1_conda	Protomyces_lactucae-debilis_12-1054	GCF_002105105.1	Ascomycota	legacy	runs/v1.9.0-rc1_conda/genome_annotation/Protomyces_lactucae-debilis_12-1054/predict_results/Protomyces_lactucae-debilis_12-1054.gff3	6255	81.8	81.7	0.2	2.9	15.2	1706	results/reference_annotations/.cache/GCF_002105105.1_Prola1_genomic.gff	6767	82.0	90.2	38.5	39.8	64.6	62.4	53.5	47.6	46.8	50.7	48.9	50.7	14.1	8.8	29.9	32.2	11.5	5.2	6255	6767	6021	5930	938	234	655	compared
v1.9.0-rc1_conda	Pseudogymnoascus_destructans_20631-21	GCF_000184105.1	Ascomycota	legacy	runs/v1.9.0-rc1_conda/genome_annotation/Pseudogymnoascus_destructans_20631-21/predict_results/Pseudogymnoascus_destructans_20631-21.gff3	8795	94.5	94.5	0.0	3.7	1.8	3234	results/reference_annotations/.cache/GCF_000184105.1_Geom_destructans_V1_genomic.gff	9223	70.9	96.7	42.2	45.7	78.7	86.7	63.7	64.5	55.0	58.2	55.5	58.2	14.2	5.8	17.4	9.1	11.9	5.8	8795	9223	8369	8291	615	426	1000	compared
v1.9.0-rc1_conda	Pyrenophora_teres_0-1	GCF_000166005.1	Ascomycota	legacy	runs/v1.9.0-rc1_conda/genome_annotation/Pyrenophora_teres_0-1/predict_results/Pyrenophora_teres_0-1.gff3	7373	67.7	67.4	0.3	10.1	22.2	3786	results/reference_annotations/.cache/GCF_000166005.1_PyrTer_1.0_genomic.gff	11799	55.4	99.4	45.4	66.9	53.9	75.4	38.5	50.2	32.9	52.6	32.9	52.6	40.7	2.7	40.5	17.0	40.2	1.6	7373	11799	7273	7258	16	100	4736	compared
v1.9.0-rc1_conda	Pyrenophora_tritici-repentis_Pt-1C-BFP	GCF_000149985.1	Ascomycota	legacy	runs/v1.9.0-rc1_conda/genome_annotation/Pyrenophora_tritici-repentis_Pt-1C-BFP/predict_results/Pyrenophora_tritici-repentis_Pt-1C-BFP.gff3	11686	96.4	96.2	0.2	1.9	1.7	3786	results/reference_annotations/.cache/GCF_000149985.1_ASM14998v1_genomic.gff	12275	86.6	92.7	56.4	61.4	67.5	74.9	50.1	52.7	51.3	54.0	51.3	54.0	15.9	9.0	22.3	11.6	11.8	4.9	11686	12275	11170	11099	242	516	1384	compared
v1.9.0-rc1_conda	Pyricularia_oryzae_70-15	GCF_000002495.2	Ascomycota	legacy	runs/v1.9.0-rc1_conda/genome_annotation/Pyricularia_oryzae_70-15/predict_results/Pyricularia_oryzae_70-15.gff3	10899	97.4	97.2	0.2	1.2	1.4	3817	results/reference_annotations/.cache/GCF_000002495.2_MG8_genomic.gff	13053	67.5	97.8	34.7	44.8	64.4	86.1	50.4	65.9	48.4	59.3	49.4	59.3	24.9	3.1	28.1	5.2	19.0	2.0	10899	13053	10730	10593	907	169	2390	compared
v1.9.0-rc1_conda	Rhizopus_delemar_RA_99-880	GCF_000149305.1	Mucoromycota	legacy	runs/v1.9.0-rc1_conda/genome_annotation/Rhizopus_delemar_RA_99-880/predict_results/Rhizopus_delemar_RA_99-880.gff3	15188	92.2	85.2	7.0	4.5	3.2	2449	results/reference_annotations/.cache/GCF_000149305.1_RO3_genomic.gff	17702	76.8	81.2	54.9	54.0	64.9	59.9	25.8	27.5	27.0	31.4	27.0	31.4	20.1	22.4	21.4	25.0	23.8	10.1	15188	17702	13832	13657	247	1356	4039	compared
v1.9.0-rc1_conda	Rhodotorula_graminis_WP1	GCF_001329695.1	Basidiomycota	legacy	runs/v1.9.0-rc1_conda/genome_annotation/Rhodotorula_graminis_WP1/predict_results/Rhodotorula_graminis_WP1.gff3	7469	97.2	97.1	0.2	0.6	2.2	1764	results/reference_annotations/.cache/GCF_001329695.1_Rhoba1_1_genomic.gff	7373	92.0	86.8	80.8	74.8	90.2	82.4	50.9	49.4	51.2	50.6	51.5	50.6	3.2	9.3	3.9	11.9	1.7	3.6	7469	7373	7228	7204	211	241	112	compared
v1.9.0-rc1_conda	Rhodotorula_toruloides_NP11	GCF_000320785.1	Basidiomycota	legacy	runs/v1.9.0-rc1_conda/genome_annotation/Rhodotorula_toruloides_NP11/predict_results/Rhodotorula_toruloides_NP11.gff3	7778	96.8	96.5	0.2	1.5	1.8	1764	results/reference_annotations/.cache/GCF_000320785.1_RHOziaDV1.0_genomic.gff	8141	90.3	99.0	85.0	87.3	88.6	90.7	56.0	58.9	55.4	58.2	55.4	58.2	6.0	1.7	5.1	3.6	5.4	2.0	7778	8141	7614	7604	25	164	422	compared
v1.9.0-rc1_conda	Saccharomyces_cerevisiae_S288C	GCF_000146045.2	Ascomycota	legacy	runs/v1.9.0-rc1_conda/genome_annotation/Saccharomyces_cerevisiae_S288C/predict_results/Saccharomyces_cerevisiae_S288C.gff3	5642	97.3	95.2	2.2	0.6	2.1	2137	results/reference_annotations/.cache/GCF_000146045.2_R64_genomic.gff	6459	92.5	99.7	81.1	92.7	58.3	62.1	58.9	60.3	83.2	95.6	84.6	95.6	12.9	0.9	37.0	32.8	11.3	0.1	5642	6459	5625	5622	61	17	726	compared
v1.9.0-rc1_conda	Schizophyllum_commune_H4-8	GCF_000143185.2	Basidiomycota	legacy	runs/v1.9.0-rc1_conda/genome_annotation/Schizophyllum_commune_H4-8/predict_results/Schizophyllum_commune_H4-8.gff3	12405	89.4	88.5	0.9	3.9	6.7	2898	results/reference_annotations/.cache/GCF_000143185.2_Schco3_genomic.gff	16466	64.5	94.5	55.1	68.2	70.7	86.1	34.5	41.2	31.5	41.8	32.7	41.8	23.9	4.2	23.8	7.1	25.8	2.2	12405	16466	12229	12151	791	176	4137	compared
v1.9.0-rc1_conda	Sclerotinia_sclerotiorum_1980	GCF_000146945.2	Ascomycota	legacy	runs/v1.9.0-rc1_conda/genome_annotation/Sclerotinia_sclerotiorum_1980/predict_results/Sclerotinia_sclerotiorum_1980.gff3	10744	94.6	94.6	0.0	2.6	2.8	3234	results/reference_annotations/.cache/GCF_000146945.2_ASM14694v2_genomic.gff	14710	86.8	91.4	51.5	67.6	55.8	71.6	36.5	46.7	36.5	50.0	36.5	50.0	29.7	9.3	32.1	9.7	29.8	3.0	10744	14710	10547	10424	241	197	4151	compared
v1.9.0-rc1_conda	Spizellomyces_punctatus_DAOM_BR117	GCF_000182565.1	Chytridiomycota	legacy	runs/v1.9.0-rc1_conda/genome_annotation/Spizellomyces_punctatus_DAOM_BR117/predict_results/Spizellomyces_punctatus_DAOM_BR117.gff3	8316	90.4	89.3	1.1	2.4	7.3	758	results/reference_annotations/.cache/GCF_000182565.1_S_punctatus_V1_genomic.gff	9164	76.3	97.8	62.6	71.2	79.0	89.9	39.7	45.9	40.4	46.8	42.5	46.8	13.0	2.0	13.4	3.5	9.5	1.8	8316	9164	8208	8166	1333	108	668	compared
v1.9.0-rc1_conda	Sporobolomyces_koalae_JCM15063	GCF_050403365.1	Basidiomycota	legacy	runs/v1.9.0-rc1_conda/genome_annotation/Sporobolomyces_koalae_JCM15063/predict_results/Sporobolomyces_koalae_JCM15063.gff3	6490	93.3	93.3	0.0	1.8	4.9	1764	results/reference_annotations/.cache/GCF_050403365.1_S_koalae_JCM15063v1_genomic.gff	6590	92.7	98.5	83.1	85.7	85.6	88.5	50.7	51.7	50.1	50.9	50.1	50.9	6.3	2.6	5.1	3.3	4.0	3.8	6490	6590	6246	6244	20	244	253	compared
v1.9.0-rc1_conda	Sporobolomyces_salmoneus_JCM6883	GCF_050403485.1	Basidiomycota	legacy	runs/v1.9.0-rc1_conda/genome_annotation/Sporobolomyces_salmoneus_JCM6883/predict_results/Sporobolomyces_salmoneus_JCM6883.gff3	7254	92.7	92.7	0.1	2.3	4.9	1764	results/reference_annotations/.cache/GCF_050403485.1_S_salmoneus_JCM6883v1_genomic.gff	7657	89.7	98.8	84.6	87.4	88.0	90.5	55.6	57.8	53.8	56.8	53.8	56.8	7.0	2.8	5.4	3.4	7.8	3.6	7254	7657	7000	6994	12	254	594	compared
v1.9.0-rc1_conda	Sugiyamaella_lignohabitans_CBS_10342	GCF_001640025.1	Ascomycota	legacy	runs/v1.9.0-rc1_conda/genome_annotation/Sugiyamaella_lignohabitans_CBS_10342/predict_results/Sugiyamaella_lignohabitans_CBS_10342.gff3	5923	93.4	92.9	0.5	2.2	4.3	2137	results/reference_annotations/.cache/GCF_001640025.1_ASM164002v2_genomic.gff	5341	95.4	84.1	55.5	32.7	26.3	1.6	23.0	1.8	57.6	52.0	57.6	52.0	4.9	40.8	25.4	95.0	3.6	17.6	5923	5341	4906	4884	114	1017	80	compared
v1.9.0-rc1_conda	Synchytrium_microbalum_JEL517	GCF_006535985.1	Chytridiomycota	legacy	runs/v1.9.0-rc1_conda/genome_annotation/Synchytrium_microbalum_JEL517/predict_results/Synchytrium_microbalum_JEL517.gff3	8922	86.7	85.5	1.2	3.3	10.0	758	results/reference_annotations/.cache/GCF_006535985.1_ASM653598v1_genomic.gff	6304	93.5	73.7	84.7	67.9	86.2	70.5	49.1	35.5	49.3	34.8	49.3	34.8	7.2	25.5	4.9	24.1	4.3	32.9	8922	6304	6006	5992	27	2916	261	compared
v1.9.0-rc1_conda	Talaromyces_marneffei_ATCC_18224	GCF_000001985.1	Ascomycota	legacy	runs/v1.9.0-rc1_conda/genome_annotation/Talaromyces_marneffei_ATCC_18224/predict_results/Talaromyces_marneffei_ATCC_18224.gff3	10023	97.5	97.2	0.3	1.4	1.1	3546	results/reference_annotations/.cache/GCF_000001985.1_JCVI-PMFA1-2.0_genomic.gff	10134	82.0	98.2	62.2	66.7	83.3	89.7	65.8	72.9	64.8	69.5	68.8	69.5	8.9	3.6	12.6	5.8	5.1	2.3	10023	10134	9828	9796	634	195	485	compared
v1.9.0-rc1_conda	Talaromyces_stipitatus_ATCC_10500	GCF_000003125.1	Ascomycota	legacy	runs/v1.9.0-rc1_conda/genome_annotation/Talaromyces_stipitatus_ATCC_10500/predict_results/Talaromyces_stipitatus_ATCC_10500.gff3	11377	98.1	97.6	0.5	0.8	1.2	3546	results/reference_annotations/.cache/GCF_000003125.1_JCVI-TSTA1-3.0_genomic.gff	12559	77.7	97.4	51.1	63.1	67.3	85.5	45.9	65.5	46.7	54.8	49.6	54.8	19.2	4.6	25.7	5.9	13.7	3.0	11377	12559	11078	11038	804	299	1681	compared
v1.9.0-rc1_conda	Tilletiaria_anomala_UBC_951	GCF_000711695.1	Basidiomycota	legacy	runs/v1.9.0-rc1_conda/genome_annotation/Tilletiaria_anomala_UBC_951/predict_results/Tilletiaria_anomala_UBC_951.gff3	6182	94.8	94.7	0.1	1.1	4.1	1764	results/reference_annotations/.cache/GCF_000711695.1_Tilletiaria_anomala_UBC_951_v1.0_genomic.gff	6868	81.9	92.2	54.8	58.5	85.2	89.3	68.1	70.5	59.6	66.2	61.0	66.2	9.9	4.5	11.8	7.5	11.7	3.6	6182	6868	6014	5962	687	168	749	compared
v1.9.0-rc1_conda	Tilletiopsis_washingtonensis_MCA_4186	GCF_003144115.1	Basidiomycota	legacy	runs/v1.9.0-rc1_conda/genome_annotation/Tilletiopsis_washingtonensis_MCA_4186/predict_results/Tilletiopsis_washingtonensis_MCA_4186.gff3	6412	92.1	91.9	0.2	1.8	6.2	1764	results/reference_annotations/.cache/GCF_003144115.1_Tilwa1_genomic.gff	7053	82.9	92.6	73.4	72.7	92.9	89.3	68.1	67.2	59.9	65.9	61.6	65.9	4.8	4.6	4.3	7.8	9.2	3.0	6412	7053	6289	6221	845	123	516	compared
v1.9.0-rc1_conda	Tremella_mesenterica_Fries	GCF_000271645.1	Basidiomycota	legacy	runs/v1.9.0-rc1_conda/genome_annotation/Tremella_mesenterica_Fries/predict_results/Tremella_mesenterica_Fries.gff3	7740	91.8	91.5	0.3	2.6	5.6	4284	results/reference_annotations/.cache/GCF_000271645.1_Treme1_genomic.gff	8291	85.3	85.6	67.4	69.5	76.6	78.3	32.7	34.7	32.9	35.3	33.0	35.3	12.0	11.3	13.3	11.3	13.1	6.9	7740	8291	7281	7205	173	459	1028	compared
v1.9.0-rc1_conda	Tricharina_praecox_CBS_144465	GCF_024521635.1	Ascomycota	legacy	runs/v1.9.0-rc1_conda/genome_annotation/Tricharina_praecox_CBS_144465/predict_results/Tricharina_praecox_CBS_144465.gff3	10277	95.1	92.7	2.3	1.4	3.5	1706	results/reference_annotations/.cache/GCF_024521635.1_Tripra1_genomic.gff	10716	77.2	90.7	51.1	53.7	79.7	84.1	60.6	60.5	53.5	55.8	54.8	55.8	13.2	9.0	16.0	11.2	12.5	9.6	10277	10716	9420	9287	295	857	1248	compared
v1.9.0-rc1_conda	Trichosporon_asahii_CBS_2479	GCF_000293215.1	Basidiomycota	legacy	runs/v1.9.0-rc1_conda/genome_annotation/Trichosporon_asahii_CBS_2479/predict_results/Trichosporon_asahii_CBS_2479.gff3	8860	89.0	88.2	0.8	4.0	7.0	4284	results/reference_annotations/.cache/GCF_000293215.1_Trichosporon_asahii_1_genomic.gff	8834	88.3	90.9	51.7	44.8	47.2	38.5	25.4	22.2	33.0	32.9	33.0	32.9	11.0	19.2	13.9	25.8	7.9	6.8	8860	8834	8334	8260	115	526	631	compared
v1.9.0-rc1_conda	Umbelopsis_ramanniana_AG	GCF_025399195.1	Mucoromycota	legacy	runs/v1.9.0-rc1_conda/genome_annotation/Umbelopsis_ramanniana_AG/predict_results/Umbelopsis_ramanniana_AG.gff3	9329	91.0	89.1	2.0	0.8	8.2	2449	results/reference_annotations/.cache/GCF_025399195.1_Umbra1_genomic.gff	10037	82.1	91.2	70.4	68.3	92.1	86.8	60.0	58.4	52.8	56.9	55.4	56.9	4.8	7.0	5.0	10.3	7.1	4.2	9329	10037	8995	8936	955	334	608	compared
v1.9.0-rc1_conda	Uncinocarpus_reesii_1704	GCF_000003515.1	Ascomycota	legacy	runs/v1.9.0-rc1_conda/genome_annotation/Uncinocarpus_reesii_1704/predict_results/Uncinocarpus_reesii_1704.gff3	7567	90.8	90.6	0.2	4.3	4.9	3546	results/reference_annotations/.cache/GCF_000003515.1_ASM351v2_genomic.gff	7855	93.8	92.2	64.1	64.3	67.5	66.6	41.1	43.1	44.6	46.3	44.6	46.3	12.7	13.0	17.2	15.9	9.5	4.4	7567	7855	7293	7232	90	274	686	compared
v1.9.0-rc1_conda	Wallemia_mellicola_CBS_633.66	GCF_000263375.1	Basidiomycota	legacy	runs/v1.9.0-rc1_conda/genome_annotation/Wallemia_mellicola_CBS_633.66/predict_results/Wallemia_mellicola_CBS_633.66.gff3	4947	86.2	85.9	0.3	2.5	11.3	1764	results/reference_annotations/.cache/GCF_000263375.1_Wallemia_sebi_v1.0_genomic.gff	5393	76.5	94.3	65.1	69.0	79.6	83.2	48.9	51.4	47.4	51.6	50.4	51.6	11.7	5.8	14.1	10.5	6.1	2.1	4947	5393	4875	4846	1409	72	252	compared
v1.9.0-rc1_conda	Yarrowia_lipolytica_CLIB122	GCF_000002525.2	Ascomycota	legacy	runs/v1.9.0-rc1_conda/genome_annotation/Yarrowia_lipolytica_CLIB122/predict_results/Yarrowia_lipolytica_CLIB122.gff3	6848	94.4	94.1	0.3	1.9	3.7	2137	results/reference_annotations/.cache/GCF_000002525.2_ASM252v1_genomic.gff	7139	94.2	97.7	70.5	69.6	58.3	45.3	52.5	42.9	74.8	78.1	75.0	78.1	8.6	9.9	35.4	49.8	6.7	3.3	6848	7139	6629	6621	10	219	475	compared
v1.9.0-rc1_conda	Zygosaccharomyces_rouxii_CBS_732	GCF_000026365.1	Ascomycota	legacy	runs/v1.9.0-rc1_conda/genome_annotation/Zygosaccharomyces_rouxii_CBS_732/predict_results/Zygosaccharomyces_rouxii_CBS_732.gff3	4988	97.1	96.9	0.2	0.6	2.3	2137	results/reference_annotations/.cache/GCF_000026365.1_ASM2636v1_genomic.gff	5323	97.0	99.3	84.1	86.4	54.1	29.5	54.6	29.4	86.3	92.1	86.3	92.1	6.6	2.2	35.5	64.9	6.3	0.8	4988	5323	4952	4948	46	36	300	compared
v1.9.0-rc1_conda	Zymoseptoria_tritici_IPO323	GCF_000219625.1	Ascomycota	legacy	runs/v1.9.0-rc1_conda/genome_annotation/Zymoseptoria_tritici_IPO323/predict_results/Zymoseptoria_tritici_IPO323.gff3	12454	97.3	97.3	0.0	1.3	1.3	3786	results/reference_annotations/.cache/GCF_000219625.1_MYCGR_v2.0_genomic.gff	10941	88.4	80.7	48.3	47.7	62.6	66.9	46.2	41.6	46.7	41.0	46.8	41.0	15.1	19.3	29.7	23.9	7.8	15.9	12454	10941	10742	10502	348	1712	743	compared
v1.9.0-rc1_conda_rust	Allomyces_macrogynus_ATCC_38327	GCA_000151295.1	Blastocladiomycota	legacy	runs/v1.9.0-rc1_conda_rust/genome_annotation/Allomyces_macrogynus_ATCC_38327/predict_results/Allomyces_macrogynus_ATCC_38327.gff3	17422	85.4	28.1	57.3	2.8	11.9	758	results/reference_annotations/.cache/GCA_000151295.1_A_macrogynus_V3_genomic.gff	19266	74.5	96.4	53.8	57.0	76.8	79.2	50.9	53.0	46.6	53.3	48.2	53.3	13.9	6.5	14.3	12.2	11.2	3.4	17422	19266	16915	16834	726	507	2048	compared
v1.9.0-rc1_conda_rust	Aspergillus_clavatus_NRRL_1	GCF_000002715.2	Ascomycota	legacy	runs/v1.9.0-rc1_conda_rust/genome_annotation/Aspergillus_clavatus_NRRL_1/predict_results/Aspergillus_clavatus_NRRL_1.gff3	8977	97.2	97.1	0.1	1.3	1.5	3546	results/reference_annotations/.cache/GCF_000002715.2_ASM271v1_genomic.gff	9352	96.4	98.2	82.5	83.5	85.2	85.0	67.0	68.2	69.4	72.3	69.4	72.3	6.3	4.5	6.9	6.5	5.1	1.4	8977	9352	8875	8855	27	102	458	compared
v1.9.0-rc1_conda_rust	Aspergillus_fumigatus_Af293	GCF_000002655.1	Ascomycota	legacy	runs/v1.9.0-rc1_conda_rust/genome_annotation/Aspergillus_fumigatus_Af293/predict_results/Aspergillus_fumigatus_Af293.gff3	9903	95.7	95.5	0.3	2.1	2.2	3546	results/reference_annotations/.cache/GCF_000002655.1_ASM265v1_genomic.gff	10085	73.3	97.1	52.1	55.4	76.4	82.9	54.0	56.0	52.6	53.5	52.7	53.5	13.6	6.4	18.4	10.5	7.4	4.3	9903	10085	9602	9484	208	301	661	compared
v1.9.0-rc1_conda_rust	Batrachochytrium_dendrobatidis_JAM81	GCF_000203795.2	Chytridiomycota	legacy	runs/v1.9.0-rc1_conda_rust/genome_annotation/Batrachochytrium_dendrobatidis_JAM81/predict_results/Batrachochytrium_dendrobatidis_JAM81.gff3	8260	89.6	88.1	1.5	2.6	7.8	758	results/reference_annotations/.cache/GCF_000203795.2_v1.1_genomic.gff	8386	90.6	84.1	72.6	68.5	83.1	76.7	44.8	43.3	45.2	45.9	45.2	45.9	7.3	13.2	9.0	14.7	6.4	5.9	8260	8386	7898	7787	221	362	472	compared
v1.9.0-rc1_conda_rust	Blastomyces_dermatitidis_ER-3	GCF_000003525.1	Ascomycota	legacy	runs/v1.9.0-rc1_conda_rust/genome_annotation/Blastomyces_dermatitidis_ER-3/predict_results/Blastomyces_dermatitidis_ER-3.gff3	8438	97.3	97.2	0.1	1.2	1.5	3546	results/reference_annotations/.cache/GCF_000003525.1_BD_ER3_V1_genomic.gff	9886	53.3	97.8	36.1	49.3	65.3	86.1	39.7	54.9	35.6	50.1	42.0	50.1	23.5	3.7	26.2	5.2	20.1	3.2	8438	9886	8238	8149	1788	200	1730	compared
v1.9.0-rc1_conda_rust	Botrytis_cinerea_B05.10	GCF_000143535.2	Ascomycota	legacy	runs/v1.9.0-rc1_conda_rust/genome_annotation/Botrytis_cinerea_B05.10/predict_results/Botrytis_cinerea_B05.10.gff3	12139	98.4	98.3	0.1	1.0	0.6	3234	results/reference_annotations/.cache/GCF_000143535.2_ASM14353v4_genomic.gff	11698	69.5	98.0	40.3	44.4	83.3	93.2	64.5	76.5	57.3	64.7	67.1	64.7	9.1	3.5	13.4	4.9	3.3	5.9	12139	11698	11478	11425	109	661	363	compared
v1.9.0-rc1_conda_rust	Chaetomium_globosum_CBS_148.51	GCF_000143365.1	Ascomycota	legacy	runs/v1.9.0-rc1_conda_rust/genome_annotation/Chaetomium_globosum_CBS_148.51/predict_results/Chaetomium_globosum_CBS_148.51.gff3	10375	88.1	87.9	0.2	6.4	5.5	3817	results/reference_annotations/.cache/GCF_000143365.1_ASM14336v1_genomic.gff	11222	82.9	93.3	50.0	55.6	51.4	58.0	30.4	33.3	34.9	37.7	34.9	37.7	22.9	11.4	27.2	15.5	14.8	4.4	10375	11222	10079	9919	229	296	1526	compared
v1.9.0-rc1_conda_rust	Cokeromyces_recurvatus_NRRL_2243	GCF_025118155.1	Mucoromycota	legacy	runs/v1.9.0-rc1_conda_rust/genome_annotation/Cokeromyces_recurvatus_NRRL_2243/predict_results/Cokeromyces_recurvatus_NRRL_2243.gff3	10662	95.3	93.9	1.3	1.0	3.7	2449	results/reference_annotations/.cache/GCF_025118155.1_Cokrec1_genomic.gff	11064	85.7	91.9	68.2	67.0	85.1	82.0	51.4	50.6	47.7	49.5	49.1	49.5	8.0	9.0	9.8	12.4	8.0	5.9	10662	11064	10098	10035	551	564	819	compared
v1.9.0-rc1_conda_rust	Colletotrichum_graminicola_M1.001	GCF_000149035.1	Ascomycota	legacy	runs/v1.9.0-rc1_conda_rust/genome_annotation/Colletotrichum_graminicola_M1.001/predict_results/Colletotrichum_graminicola_M1.001.gff3	11764	97.4	97.3	0.2	1.5	1.0	3817	results/reference_annotations/.cache/GCF_000149035.1_C_graminicola_M1_001_V1_genomic.gff	12398	93.6	96.4	78.1	80.6	83.5	85.1	69.8	69.5	67.5	71.1	67.5	71.1	9.6	5.7	11.0	9.0	8.6	3.7	11764	12398	11367	11330	58	397	1017	compared
v1.9.0-rc1_conda_rust	Cryptococcus_deneoformans_JEC21	GCF_000091045.1	Basidiomycota	legacy	runs/v1.9.0-rc1_conda_rust/genome_annotation/Cryptococcus_deneoformans_JEC21/predict_results/Cryptococcus_deneoformans_JEC21.gff3	7028	96.4	96.1	0.3	1.9	1.7	4284	results/reference_annotations/.cache/GCF_000091045.1_ASM9104v1_genomic.gff	6766	78.4	97.9	73.5	77.7	90.0	96.4	64.7	66.3	64.9	64.6	67.1	64.6	7.4	2.4	8.7	2.5	2.8	4.8	7028	6766	6726	6691	640	302	146	compared
v1.9.0-rc1_conda_rust	Cryptococcus_neoformans_H99	GCF_000149245.1	Basidiomycota	legacy	runs/v1.9.0-rc1_conda_rust/genome_annotation/Cryptococcus_neoformans_H99/predict_results/Cryptococcus_neoformans_H99.gff3	7054	96.1	96.1	0.1	2.1	1.8	4284	results/reference_annotations/.cache/GCF_000149245.1_CNA3_genomic.gff	8334	67.8	99.2	64.1	75.0	84.4	97.4	52.3	67.1	50.2	65.4	55.4	65.4	13.7	0.7	13.6	1.0	17.3	0.8	7054	8334	7012	6994	1785	42	855	compared
v1.9.0-rc1_conda_rust	Cystobasidium_minutum_MCA_4210	GCF_039999085.1	Basidiomycota	legacy	runs/v1.9.0-rc1_conda_rust/genome_annotation/Cystobasidium_minutum_MCA_4210/predict_results/Cystobasidium_minutum_MCA_4210.gff3	7166	91.0	90.8	0.2	1.9	7.1	1764	results/reference_annotations/.cache/GCF_039999085.1_Rhomi1_genomic.gff	7855	81.4	91.7	67.3	70.7	83.1	86.4	47.5	50.8	46.1	50.6	46.8	50.6	9.9	5.5	8.9	7.1	7.6	2.8	7166	7855	6981	6960	383	185	568	compared
v1.9.0-rc1_conda_rust	Dactylellina_haptotyla_CBS_200.50	GCF_000441935.1	Ascomycota	legacy	runs/v1.9.0-rc1_conda_rust/genome_annotation/Dactylellina_haptotyla_CBS_200.50/predict_results/Dactylellina_haptotyla_CBS_200.50.gff3	10837	93.0	93.0	0.0	2.8	4.3	1706	results/reference_annotations/.cache/GCF_000441935.1_MHA_v2_genomic.gff	10959	93.1	98.8	81.6	83.4	84.6	86.8	67.1	65.6	67.9	68.6	67.9	68.6	7.4	3.7	7.3	5.5	5.9	2.3	10837	10959	10629	10591	58	208	615	compared
v1.9.0-rc1_conda_rust	Drepanopeziza_brunnea_MB_m1	GCF_000298775.1	Ascomycota	legacy	runs/v1.9.0-rc1_conda_rust/genome_annotation/Drepanopeziza_brunnea_MB_m1/predict_results/Drepanopeziza_brunnea_MB_m1.gff3	9415	98.5	98.4	0.1	0.9	0.6	3234	results/reference_annotations/.cache/GCF_000298775.1_ASM29877v1_genomic.gff	10025	89.8	98.0	65.0	78.4	65.9	83.9	52.2	57.4	55.6	59.2	55.6	59.2	20.9	4.2	25.4	5.1	11.7	3.1	9415	10025	9216	9129	98	199	1118	compared
v1.9.0-rc1_conda_rust	Eremothecium_gossypii_ATCC_10895	GCF_000091025.4	Ascomycota	legacy	runs/v1.9.0-rc1_conda_rust/genome_annotation/Eremothecium_gossypii_ATCC_10895/predict_results/Eremothecium_gossypii_ATCC_10895.gff3	4598	96.1	96.0	0.1	0.6	3.3	2137	results/reference_annotations/.cache/GCF_000091025.4_ASM9102v4_genomic.gff	5314	92.2	99.5	70.8	75.6	52.2	25.0	47.3	24.1	74.2	85.8	74.3	85.8	11.5	2.4	32.3	67.4	10.7	0.8	4598	5314	4576	4561	55	22	528	compared
v1.9.0-rc1_conda_rust	Fusarium_oxysporum_4287	GCF_000149955.1	Ascomycota	legacy	runs/v1.9.0-rc1_conda_rust/genome_annotation/Fusarium_oxysporum_4287/predict_results/Fusarium_oxysporum_4287.gff3	17075	92.7	92.0	0.7	4.2	3.1	3817	results/reference_annotations/.cache/GCF_000149955.1_ASM14995v2_genomic.gff	21344	58.7	97.3	35.2	49.9	65.3	84.1	39.4	62.5	36.5	59.4	47.5	59.4	24.8	3.7	28.8	9.5	23.1	2.4	17075	21344	16744	16659	2576	331	4625	compared
v1.9.0-rc1_conda_rust	Fusarium_verticillioides_7600	GCF_000149555.1	Ascomycota	legacy	runs/v1.9.0-rc1_conda_rust/genome_annotation/Fusarium_verticillioides_7600/predict_results/Fusarium_verticillioides_7600.gff3	15075	97.1	97.0	0.2	1.9	0.9	3817	results/reference_annotations/.cache/GCF_000149555.1_ASM14955v1_genomic.gff	16286	70.1	98.5	47.8	59.7	77.9	91.3	52.1	76.5	51.0	71.0	65.8	71.0	14.2	2.7	18.6	5.6	9.1	1.5	15075	16286	14912	14841	1904	163	1353	compared
v1.9.0-rc1_conda_rust	Gaeumannomyces_tritici_R3-111a-1	GCF_000145635.1	Ascomycota	legacy	runs/v1.9.0-rc1_conda_rust/genome_annotation/Gaeumannomyces_tritici_R3-111a-1/predict_results/Gaeumannomyces_tritici_R3-111a-1.gff3	10985	93.3	93.1	0.2	2.2	4.5	3817	results/reference_annotations/.cache/GCF_000145635.1_Gae_graminis_V2_genomic.gff	14669	61.5	98.3	30.0	40.3	57.2	76.5	41.4	54.1	37.3	50.8	38.0	50.8	30.4	3.6	31.7	10.6	26.6	1.4	10985	14669	10897	10794	1058	88	3662	compared
v1.9.0-rc1_conda_rust	Kluyveromyces_lactis_NRRL_Y-1140	GCF_000002515.2	Ascomycota	legacy	runs/v1.9.0-rc1_conda_rust/genome_annotation/Kluyveromyces_lactis_NRRL_Y-1140/predict_results/Kluyveromyces_lactis_NRRL_Y-1140.gff3	5013	97.4	97.2	0.1	0.7	1.9	2137	results/reference_annotations/.cache/GCF_000002515.2_ASM251v1_genomic.gff	5335	97.0	99.0	85.6	88.8	59.7	37.9	61.5	37.9	87.7	93.4	87.8	93.4	7.2	2.8	33.0	57.2	6.7	1.2	5013	5335	4955	4954	35	58	331	compared
v1.9.0-rc1_conda_rust	Laccaria_bicolor_S238N-H82	GCF_000143565.1	Basidiomycota	legacy	runs/v1.9.0-rc1_conda_rust/genome_annotation/Laccaria_bicolor_S238N-H82/predict_results/Laccaria_bicolor_S238N-H82.gff3	15376	89.9	88.2	1.7	2.5	7.7	2898	results/reference_annotations/.cache/GCF_000143565.1_V1.0_genomic.gff	18213	76.0	77.1	47.0	55.7	54.9	65.1	18.0	21.0	18.0	21.4	18.1	21.4	31.9	20.6	33.6	21.7	30.1	18.1	15376	18213	12897	12599	510	2479	5222	compared
v1.9.0-rc1_conda_rust	Lachancea_thermotolerans_CBS_6340	GCF_000142805.1	Ascomycota	legacy	runs/v1.9.0-rc1_conda_rust/genome_annotation/Lachancea_thermotolerans_CBS_6340/predict_results/Lachancea_thermotolerans_CBS_6340.gff3	4656	88.1	88.0	0.1	2.6	9.4	2137	results/reference_annotations/.cache/GCF_000142805.1_ASM14280v1_genomic.gff	5384	86.7	98.9	66.6	67.9	61.0	21.6	59.9	21.2	68.9	79.6	68.9	79.6	14.5	4.9	31.1	75.6	14.3	1.6	4656	5384	4589	4580	39	67	732	compared
v1.9.0-rc1_conda_rust	Leptographium_clavigerum_kw1407	GCF_000143105.1	Ascomycota	legacy	runs/v1.9.0-rc1_conda_rust/genome_annotation/Leptographium_clavigerum_kw1407/predict_results/Leptographium_clavigerum_kw1407.gff3	7882	89.3	89.2	0.2	3.0	7.7	3817	results/reference_annotations/.cache/GCF_000143105.1_Sanger-454-IlluminaPA_2.0_genomic.gff	8311	87.1	97.8	64.2	72.2	67.1	78.2	50.1	52.3	52.9	55.8	52.9	55.8	16.2	4.3	21.1	8.2	12.0	3.3	7882	8311	7652	7626	94	230	946	compared
v1.9.0-rc1_conda_rust	Letharia_columbiana_WasteWater2	GCF_014066305.1	Ascomycota	legacy	runs/v1.9.0-rc1_conda_rust/genome_annotation/Letharia_columbiana_WasteWater2/predict_results/Letharia_columbiana_WasteWater2.gff3	11525	93.3	90.3	3.0	2.5	4.3	1706	results/reference_annotations/.cache/GCF_014066305.1_Lecol_v1.0_genomic.gff	13385	92.0	96.0	65.7	72.6	71.7	77.2	47.8	51.2	48.3	56.1	48.3	56.1	15.5	6.4	17.3	11.7	11.8	3.0	11525	13385	11261	11184	156	264	1457	compared
v1.9.0-rc1_conda_rust	Lipomyces_tetrasporus_NRRL_Y-64009	GCF_029532465.1	Ascomycota	legacy	runs/v1.9.0-rc1_conda_rust/genome_annotation/Lipomyces_tetrasporus_NRRL_Y-64009/predict_results/Lipomyces_tetrasporus_NRRL_Y-64009.gff3	7859	86.7	85.7	1.0	6.5	6.9	2137	results/reference_annotations/.cache/GCF_029532465.1_Liptet1_genomic.gff	8094	78.6	96.2	49.3	53.4	80.0	89.0	64.5	67.6	57.6	59.3	58.2	59.3	11.9	4.0	16.7	7.4	7.0	3.4	7859	8094	7625	7589	231	234	552	compared
v1.9.0-rc1_conda_rust	Malassezia_globosa_CBS_7966	GCF_000181695.2	Basidiomycota	legacy	runs/v1.9.0-rc1_conda_rust/genome_annotation/Malassezia_globosa_CBS_7966/predict_results/Malassezia_globosa_CBS_7966.gff3	4381	82.7	82.6	0.1	4.3	13.1	1764	results/reference_annotations/.cache/GCF_000181695.2_ASM18169v2_genomic.gff	4278	95.1	89.6	51.6	39.0	63.7	32.8	38.4	18.3	49.3	48.2	49.3	48.2	9.2	26.7	23.7	59.0	4.7	9.3	4381	4278	3995	3974	77	386	174	compared
v1.9.0-rc1_conda_rust	Malassezia_sympodialis_ATCC_42132	GCF_000349305.1	Basidiomycota	legacy	runs/v1.9.0-rc1_conda_rust/genome_annotation/Malassezia_sympodialis_ATCC_42132/predict_results/Malassezia_sympodialis_ATCC_42132.gff3	4053	80.7	80.7	0.0	3.6	15.8	1764	results/reference_annotations/.cache/GCF_000349305.1_ASM34930v2_genomic.gff	3318	92.4	82.1	39.2	29.3	43.5	28.5	23.8	18.7	31.6	27.4	31.6	27.4	10.1	27.1	32.8	53.5	5.7	16.6	4053	3318	3256	3221	139	797	119	compared
v1.9.0-rc1_conda_rust	Mixia_osmundae_IAM_14324	GCF_000708205.1	Basidiomycota	legacy	runs/v1.9.0-rc1_conda_rust/genome_annotation/Mixia_osmundae_IAM_14324/predict_results/Mixia_osmundae_IAM_14324.gff3	6316	88.5	87.5	1.0	3.1	8.4	1764	results/reference_annotations/.cache/GCF_000708205.1_Mixia_osmundae_v1.0_genomic.gff	6838	84.3	97.6	56.8	67.1	68.8	83.3	36.5	38.8	35.7	38.7	37.0	38.7	16.7	2.2	21.1	5.8	11.8	1.1	6316	6838	6264	6248	1175	52	744	compared
v1.9.0-rc1_conda_rust	Morchella_importuna_M04M26	GCF_003444635.1	Ascomycota	legacy	runs/v1.9.0-rc1_conda_rust/genome_annotation/Morchella_importuna_M04M26/predict_results/Morchella_importuna_M04M26.gff3	11755	93.7	92.4	1.3	3.5	2.8	1706	results/reference_annotations/.cache/GCF_003444635.1_ASM344463v2_genomic.gff	11642	91.9	91.2	67.4	77.0	71.8	86.6	53.9	54.8	54.0	53.4	54.0	53.4	18.1	9.2	24.2	8.6	12.0	12.4	11755	11642	10367	10305	111	1388	1299	compared
v1.9.0-rc1_conda_rust	Morchella_sextelata_SCLS	GCF_020137385.1	Ascomycota	legacy	runs/v1.9.0-rc1_conda_rust/genome_annotation/Morchella_sextelata_SCLS/predict_results/Morchella_sextelata_SCLS.gff3	12378	96.0	93.7	2.3	2.3	1.6	1706	results/reference_annotations/.cache/GCF_020137385.1_ASM2013738v1_genomic.gff	13182	82.8	92.8	67.7	77.6	72.4	85.7	57.8	58.1	53.7	57.2	53.7	57.2	19.0	9.3	23.4	9.3	17.8	11.5	12378	13182	11029	10952	100	1349	2253	compared
v1.9.0-rc1_conda_rust	Mucor_mucedo_NRRL_3635	GCF_025094135.1	Mucoromycota	legacy	runs/v1.9.0-rc1_conda_rust/genome_annotation/Mucor_mucedo_NRRL_3635/predict_results/Mucor_mucedo_NRRL_3635.gff3	15305	94.8	93.8	1.0	0.7	4.5	2449	results/reference_annotations/.cache/GCF_025094135.1_Mucmuc1_genomic.gff	14225	83.9	83.7	63.4	58.9	80.2	74.4	51.9	46.7	49.3	45.8	50.3	45.8	11.9	17.5	14.4	19.8	10.1	16.2	15305	14225	12941	12824	750	2364	1287	compared
v1.9.0-rc1_conda_rust	Nakaseomyces_glabratus_CBS_138	GCF_000002545.3	Ascomycota	legacy	runs/v1.9.0-rc1_conda_rust/genome_annotation/Nakaseomyces_glabratus_CBS_138/predict_results/Nakaseomyces_glabratus_CBS_138.gff3	5151	96.6	95.6	0.9	0.8	2.6	2137	results/reference_annotations/.cache/GCF_000002545.3_ASM254v2_genomic.gff	5458	96.7	98.8	80.1	78.1	25.3	7.2	24.0	7.6	82.7	87.7	82.7	87.7	5.9	5.0	53.9	86.3	4.7	1.1	5151	5458	5110	5094	29	41	243	compared
v1.9.0-rc1_conda_rust	Orbilia_oligospora_ATCC_24927	GCF_000225545.1	Ascomycota	legacy	runs/v1.9.0-rc1_conda_rust/genome_annotation/Orbilia_oligospora_ATCC_24927/predict_results/Orbilia_oligospora_ATCC_24927.gff3	11781	95.9	95.7	0.2	1.7	2.4	1706	results/reference_annotations/.cache/GCF_000225545.1_AOL24927_1.0_genomic.gff	11479	97.6	96.8	87.4	82.9	92.2	86.4	75.9	70.7	73.8	71.9	73.8	71.9	3.0	7.1	3.7	9.2	2.2	5.1	11781	11479	11200	11180	31	581	234	compared
v1.9.0-rc1_conda_rust	Parastagonospora_nodorum_SN15	GCF_000146915.1	Ascomycota	legacy	runs/v1.9.0-rc1_conda_rust/genome_annotation/Parastagonospora_nodorum_SN15/predict_results/Parastagonospora_nodorum_SN15.gff3	13489	90.2	90.0	0.1	6.1	3.7	3786	results/reference_annotations/.cache/GCF_000146915.1_ASM14691v2_genomic.gff	16087	86.2	90.6	40.2	47.4	47.7	55.8	26.3	33.4	30.8	36.8	30.8	36.8	22.8	12.2	34.2	20.4	20.4	2.1	13489	16087	13265	13197	349	224	3063	compared
v1.9.0-rc1_conda_rust	Phycomyces_blakesleeanus_NRRL_1555_-	GCF_001638985.1	Mucoromycota	legacy	runs/v1.9.0-rc1_conda_rust/genome_annotation/Phycomyces_blakesleeanus_NRRL_1555_-/predict_results/Phycomyces_blakesleeanus_NRRL_1555_-.gff3	15024	96.7	95.0	1.7	1.0	2.2	2449	results/reference_annotations/.cache/GCF_001638985.1_Phybl2_genomic.gff	16850	75.7	79.3	55.2	60.7	65.2	71.3	33.3	37.4	34.5	38.7	34.7	38.7	24.8	17.4	26.3	18.6	21.2	8.9	15024	16850	14052	13708	540	972	3305	compared
v1.9.0-rc1_conda_rust	Pneumocystis_murina_B123	GCF_000349005.2	Ascomycota	legacy	runs/v1.9.0-rc1_conda_rust/genome_annotation/Pneumocystis_murina_B123/predict_results/Pneumocystis_murina_B123.gff3	3204	67.0	66.9	0.1	3.2	29.8	1706	results/reference_annotations/.cache/GCF_000349005.2_Pneumo_murina_B123_V4_genomic.gff	3675	87.9	98.6	71.6	69.3	81.9	76.9	31.5	35.6	32.6	37.4	32.7	37.4	8.9	5.6	8.5	14.1	8.4	0.7	3204	3675	3194	3184	239	10	250	compared
v1.9.0-rc1_conda_rust	Protomyces_lactucae-debilis_12-1054	GCF_002105105.1	Ascomycota	legacy	runs/v1.9.0-rc1_conda_rust/genome_annotation/Protomyces_lactucae-debilis_12-1054/predict_results/Protomyces_lactucae-debilis_12-1054.gff3	6241	81.5	81.4	0.2	2.9	15.6	1706	results/reference_annotations/.cache/GCF_002105105.1_Prola1_genomic.gff	6767	81.8	90.2	38.0	39.5	63.9	62.5	54.1	48.2	47.0	51.0	49.0	51.0	14.6	8.7	30.4	31.9	11.8	5.3	6241	6767	5997	5911	927	244	677	compared
v1.9.0-rc1_conda_rust	Pseudogymnoascus_destructans_20631-21	GCF_000184105.1	Ascomycota	legacy	runs/v1.9.0-rc1_conda_rust/genome_annotation/Pseudogymnoascus_destructans_20631-21/predict_results/Pseudogymnoascus_destructans_20631-21.gff3	8654	93.6	93.6	0.0	3.3	3.1	3234	results/reference_annotations/.cache/GCF_000184105.1_Geom_destructans_V1_genomic.gff	9223	70.0	96.8	41.5	45.8	77.4	86.9	62.9	65.2	54.6	58.7	55.1	58.7	15.7	5.8	18.6	8.7	13.4	5.9	8654	9223	8230	8149	621	424	1126	compared
v1.9.0-rc1_conda_rust	Pyrenophora_teres_0-1	GCF_000166005.1	Ascomycota	legacy	runs/v1.9.0-rc1_conda_rust/genome_annotation/Pyrenophora_teres_0-1/predict_results/Pyrenophora_teres_0-1.gff3	7512	67.8	67.4	0.4	10.3	21.8	3786	results/reference_annotations/.cache/GCF_000166005.1_PyrTer_1.0_genomic.gff	11799	56.1	99.4	46.2	66.4	54.8	74.7	38.8	49.3	33.0	51.8	33.0	51.8	39.6	2.8	39.2	17.5	39.2	1.5	7512	11799	7412	7396	17	100	4609	compared
v1.9.0-rc1_conda_rust	Pyrenophora_tritici-repentis_Pt-1C-BFP	GCF_000149985.1	Ascomycota	legacy	runs/v1.9.0-rc1_conda_rust/genome_annotation/Pyrenophora_tritici-repentis_Pt-1C-BFP/predict_results/Pyrenophora_tritici-repentis_Pt-1C-BFP.gff3	11612	96.0	95.9	0.2	2.1	1.8	3786	results/reference_annotations/.cache/GCF_000149985.1_ASM14998v1_genomic.gff	12275	86.3	92.9	56.4	61.9	67.3	75.4	50.0	53.0	51.4	54.4	51.4	54.4	16.3	8.8	22.6	11.2	12.1	4.8	11612	12275	11110	11042	232	502	1433	compared
v1.9.0-rc1_conda_rust	Pyricularia_oryzae_70-15	GCF_000002495.2	Ascomycota	legacy	runs/v1.9.0-rc1_conda_rust/genome_annotation/Pyricularia_oryzae_70-15/predict_results/Pyricularia_oryzae_70-15.gff3	10898	97.5	97.2	0.2	1.2	1.4	3817	results/reference_annotations/.cache/GCF_000002495.2_MG8_genomic.gff	13053	67.5	97.8	34.6	44.7	64.4	86.1	50.4	65.8	48.4	59.3	49.4	59.3	24.9	3.1	28.1	5.2	19.0	2.0	10898	13053	10729	10591	907	169	2390	compared
v1.9.0-rc1_conda_rust	Rhizopus_delemar_RA_99-880	GCF_000149305.1	Mucoromycota	legacy	runs/v1.9.0-rc1_conda_rust/genome_annotation/Rhizopus_delemar_RA_99-880/predict_results/Rhizopus_delemar_RA_99-880.gff3	15018	92.8	85.8	7.0	4.0	3.2	2449	results/reference_annotations/.cache/GCF_000149305.1_RO3_genomic.gff	17702	76.7	81.4	55.3	54.4	65.3	60.0	25.9	27.6	26.9	31.7	26.9	31.7	20.1	22.3	20.8	24.9	24.4	9.9	15018	17702	13707	13537	244	1311	4147	compared
v1.9.0-rc1_conda_rust	Rhodotorula_graminis_WP1	GCF_001329695.1	Basidiomycota	legacy	runs/v1.9.0-rc1_conda_rust/genome_annotation/Rhodotorula_graminis_WP1/predict_results/Rhodotorula_graminis_WP1.gff3	7456	97.1	96.9	0.2	0.6	2.4	1764	results/reference_annotations/.cache/GCF_001329695.1_Rhoba1_1_genomic.gff	7373	91.8	86.8	80.6	74.8	89.9	82.5	50.8	49.4	51.1	50.5	51.4	50.5	3.5	9.2	4.2	11.9	2.0	3.6	7456	7373	7218	7192	211	238	129	compared
v1.9.0-rc1_conda_rust	Rhodotorula_toruloides_NP11	GCF_000320785.1	Basidiomycota	legacy	runs/v1.9.0-rc1_conda_rust/genome_annotation/Rhodotorula_toruloides_NP11/predict_results/Rhodotorula_toruloides_NP11.gff3	7771	96.8	96.5	0.2	1.5	1.8	1764	results/reference_annotations/.cache/GCF_000320785.1_RHOziaDV1.0_genomic.gff	8141	90.4	99.0	85.1	87.5	88.7	90.8	56.3	59.2	55.6	58.5	55.6	58.5	6.0	1.6	5.1	3.6	5.4	2.0	7771	8141	7608	7598	25	163	421	compared
v1.9.0-rc1_conda_rust	Saccharomyces_cerevisiae_S288C	GCF_000146045.2	Ascomycota	legacy	runs/v1.9.0-rc1_conda_rust/genome_annotation/Saccharomyces_cerevisiae_S288C/predict_results/Saccharomyces_cerevisiae_S288C.gff3	5678	97.6	95.5	2.2	0.7	1.7	2137	results/reference_annotations/.cache/GCF_000146045.2_R64_genomic.gff	6459	92.4	99.7	81.5	93.2	57.1	68.5	56.9	67.7	83.9	95.7	85.3	95.7	12.6	0.8	38.9	26.5	10.9	0.2	5678	6459	5661	5656	64	17	696	compared
v1.9.0-rc1_conda_rust	Schizophyllum_commune_H4-8	GCF_000143185.2	Basidiomycota	legacy	runs/v1.9.0-rc1_conda_rust/genome_annotation/Schizophyllum_commune_H4-8/predict_results/Schizophyllum_commune_H4-8.gff3	11891	84.6	83.7	0.9	5.6	9.8	2898	results/reference_annotations/.cache/GCF_000143185.2_Schco3_genomic.gff	16466	60.3	94.5	49.6	66.9	64.2	86.0	30.6	38.0	28.2	39.0	29.3	39.0	29.9	4.1	30.5	6.9	29.6	2.1	11891	16466	11723	11651	703	168	4777	compared
v1.9.0-rc1_conda_rust	Sclerotinia_sclerotiorum_1980	GCF_000146945.2	Ascomycota	legacy	runs/v1.9.0-rc1_conda_rust/genome_annotation/Sclerotinia_sclerotiorum_1980/predict_results/Sclerotinia_sclerotiorum_1980.gff3	10837	94.8	94.8	0.0	2.4	2.8	3234	results/reference_annotations/.cache/GCF_000146945.2_ASM14694v2_genomic.gff	14710	86.9	91.2	51.9	67.5	56.0	71.1	36.5	47.2	37.1	50.4	37.1	50.4	29.3	9.9	31.9	9.8	29.4	3.3	10837	14710	10625	10477	260	212	4085	compared
v1.9.0-rc1_conda_rust	Spizellomyces_punctatus_DAOM_BR117	GCF_000182565.1	Chytridiomycota	legacy	runs/v1.9.0-rc1_conda_rust/genome_annotation/Spizellomyces_punctatus_DAOM_BR117/predict_results/Spizellomyces_punctatus_DAOM_BR117.gff3	8304	90.2	89.2	1.1	2.5	7.3	758	results/reference_annotations/.cache/GCF_000182565.1_S_punctatus_V1_genomic.gff	9164	76.1	97.9	62.5	71.2	78.9	89.9	39.7	45.9	40.4	46.9	42.5	46.9	13.1	1.9	13.5	3.5	9.6	1.8	8304	9164	8196	8154	1331	108	683	compared
v1.9.0-rc1_conda_rust	Sporobolomyces_koalae_JCM15063	GCF_050403365.1	Basidiomycota	legacy	runs/v1.9.0-rc1_conda_rust/genome_annotation/Sporobolomyces_koalae_JCM15063/predict_results/Sporobolomyces_koalae_JCM15063.gff3	6488	93.2	93.2	0.0	1.8	5.0	1764	results/reference_annotations/.cache/GCF_050403365.1_S_koalae_JCM15063v1_genomic.gff	6590	92.7	98.5	83.1	85.7	85.6	88.5	50.7	51.8	50.1	50.9	50.1	50.9	6.3	2.6	5.1	3.3	4.0	3.8	6488	6590	6244	6242	20	244	253	compared
v1.9.0-rc1_conda_rust	Sporobolomyces_salmoneus_JCM6883	GCF_050403485.1	Basidiomycota	legacy	runs/v1.9.0-rc1_conda_rust/genome_annotation/Sporobolomyces_salmoneus_JCM6883/predict_results/Sporobolomyces_salmoneus_JCM6883.gff3	7262	92.6	92.6	0.1	2.4	5.0	1764	results/reference_annotations/.cache/GCF_050403485.1_S_salmoneus_JCM6883v1_genomic.gff	7657	89.7	98.8	84.6	87.4	87.9	90.5	55.7	57.8	53.9	56.8	53.9	56.8	7.0	2.8	5.4	3.4	7.8	3.6	7262	7657	7008	7002	12	254	594	compared
v1.9.0-rc1_conda_rust	Sugiyamaella_lignohabitans_CBS_10342	GCF_001640025.1	Ascomycota	legacy	runs/v1.9.0-rc1_conda_rust/genome_annotation/Sugiyamaella_lignohabitans_CBS_10342/predict_results/Sugiyamaella_lignohabitans_CBS_10342.gff3	5920	93.5	93.0	0.5	2.2	4.3	2137	results/reference_annotations/.cache/GCF_001640025.1_ASM164002v2_genomic.gff	5341	95.4	84.1	55.4	32.5	25.8	1.5	23.0	1.8	57.6	51.9	57.6	51.9	4.9	41.0	25.4	95.0	3.5	17.6	5920	5341	4903	4880	115	1017	79	compared
v1.9.0-rc1_conda_rust	Synchytrium_microbalum_JEL517	GCF_006535985.1	Chytridiomycota	legacy	runs/v1.9.0-rc1_conda_rust/genome_annotation/Synchytrium_microbalum_JEL517/predict_results/Synchytrium_microbalum_JEL517.gff3	8917	86.7	85.5	1.2	2.9	10.4	758	results/reference_annotations/.cache/GCF_006535985.1_ASM653598v1_genomic.gff	6304	93.4	73.7	84.6	67.8	86.1	70.4	49.0	35.5	49.3	34.8	49.3	34.8	7.3	25.5	4.9	24.1	4.3	32.8	8917	6304	6012	5997	30	2905	258	compared
v1.9.0-rc1_conda_rust	Talaromyces_marneffei_ATCC_18224	GCF_000001985.1	Ascomycota	legacy	runs/v1.9.0-rc1_conda_rust/genome_annotation/Talaromyces_marneffei_ATCC_18224/predict_results/Talaromyces_marneffei_ATCC_18224.gff3	10016	97.2	96.8	0.3	1.5	1.4	3546	results/reference_annotations/.cache/GCF_000001985.1_JCVI-PMFA1-2.0_genomic.gff	10134	81.8	98.2	61.9	66.6	82.9	89.8	65.7	72.8	64.8	69.5	68.7	69.5	9.2	3.6	13.0	5.7	5.3	2.3	10016	10134	9821	9786	633	195	497	compared
v1.9.0-rc1_conda_rust	Talaromyces_stipitatus_ATCC_10500	GCF_000003125.1	Ascomycota	legacy	runs/v1.9.0-rc1_conda_rust/genome_annotation/Talaromyces_stipitatus_ATCC_10500/predict_results/Talaromyces_stipitatus_ATCC_10500.gff3	11370	98.1	97.6	0.5	0.7	1.2	3546	results/reference_annotations/.cache/GCF_000003125.1_JCVI-TSTA1-3.0_genomic.gff	12559	77.6	97.4	51.1	63.2	67.3	85.6	45.9	65.6	46.7	54.9	49.7	54.9	19.2	4.6	25.7	5.9	13.7	3.0	11370	12559	11071	11031	803	299	1689	compared
v1.9.0-rc1_conda_rust	Tilletiaria_anomala_UBC_951	GCF_000711695.1	Basidiomycota	legacy	runs/v1.9.0-rc1_conda_rust/genome_annotation/Tilletiaria_anomala_UBC_951/predict_results/Tilletiaria_anomala_UBC_951.gff3	6160	94.7	94.7	0.0	1.2	4.1	1764	results/reference_annotations/.cache/GCF_000711695.1_Tilletiaria_anomala_UBC_951_v1.0_genomic.gff	6868	81.5	92.3	54.6	58.5	84.6	89.2	67.7	70.3	59.4	66.2	60.7	66.2	10.4	4.5	12.1	7.5	12.0	3.5	6160	6868	5997	5944	674	163	769	compared
v1.9.0-rc1_conda_rust	Tilletiopsis_washingtonensis_MCA_4186	GCF_003144115.1	Basidiomycota	legacy	runs/v1.9.0-rc1_conda_rust/genome_annotation/Tilletiopsis_washingtonensis_MCA_4186/predict_results/Tilletiopsis_washingtonensis_MCA_4186.gff3	6396	91.6	91.4	0.2	2.0	6.4	1764	results/reference_annotations/.cache/GCF_003144115.1_Tilwa1_genomic.gff	7053	82.4	92.7	73.1	72.4	92.6	89.1	67.0	66.6	59.2	65.3	60.8	65.3	5.1	4.6	4.4	7.9	9.5	3.0	6396	7053	6274	6203	836	122	530	compared
v1.9.0-rc1_conda_rust	Tremella_mesenterica_Fries	GCF_000271645.1	Basidiomycota	legacy	runs/v1.9.0-rc1_conda_rust/genome_annotation/Tremella_mesenterica_Fries/predict_results/Tremella_mesenterica_Fries.gff3	7687	91.4	91.2	0.3	2.6	6.0	4284	results/reference_annotations/.cache/GCF_000271645.1_Treme1_genomic.gff	8291	84.9	85.6	67.1	69.5	76.2	78.3	32.4	34.7	32.7	35.3	32.8	35.3	12.5	11.3	13.8	11.3	13.6	6.9	7687	8291	7232	7156	173	455	1071	compared
v1.9.0-rc1_conda_rust	Tricharina_praecox_CBS_144465	GCF_024521635.1	Ascomycota	legacy	runs/v1.9.0-rc1_conda_rust/genome_annotation/Tricharina_praecox_CBS_144465/predict_results/Tricharina_praecox_CBS_144465.gff3	10214	95.2	92.8	2.3	1.3	3.5	1706	results/reference_annotations/.cache/GCF_024521635.1_Tripra1_genomic.gff	10716	77.1	90.9	51.1	53.8	79.7	84.0	60.7	60.5	53.6	56.2	54.9	56.2	13.3	8.8	16.0	11.2	12.7	9.3	10214	10716	9386	9265	286	828	1279	compared
v1.9.0-rc1_conda_rust	Trichosporon_asahii_CBS_2479	GCF_000293215.1	Basidiomycota	legacy	runs/v1.9.0-rc1_conda_rust/genome_annotation/Trichosporon_asahii_CBS_2479/predict_results/Trichosporon_asahii_CBS_2479.gff3	8577	88.4	87.7	0.7	3.3	8.3	4284	results/reference_annotations/.cache/GCF_000293215.1_Trichosporon_asahii_1_genomic.gff	8834	86.2	91.5	50.7	44.0	46.7	37.6	25.2	22.4	32.7	33.7	32.7	33.7	12.3	19.1	13.0	27.1	8.8	6.2	8577	8834	8107	8046	104	470	720	compared
v1.9.0-rc1_conda_rust	Umbelopsis_ramanniana_AG	GCF_025399195.1	Mucoromycota	legacy	runs/v1.9.0-rc1_conda_rust/genome_annotation/Umbelopsis_ramanniana_AG/predict_results/Umbelopsis_ramanniana_AG.gff3	9329	90.8	88.9	2.0	0.9	8.3	2449	results/reference_annotations/.cache/GCF_025399195.1_Umbra1_genomic.gff	10037	82.0	91.2	70.1	68.2	91.8	86.8	59.4	58.2	52.5	56.6	55.0	56.6	5.0	7.0	5.3	10.2	7.1	4.3	9329	10037	8984	8927	939	345	605	compared
v1.9.0-rc1_conda_rust	Uncinocarpus_reesii_1704	GCF_000003515.1	Ascomycota	legacy	runs/v1.9.0-rc1_conda_rust/genome_annotation/Uncinocarpus_reesii_1704/predict_results/Uncinocarpus_reesii_1704.gff3	7554	90.8	90.6	0.2	4.3	4.9	3546	results/reference_annotations/.cache/GCF_000003515.1_ASM351v2_genomic.gff	7855	93.8	92.2	64.1	64.3	67.5	66.6	41.3	43.2	44.6	46.4	44.6	46.4	12.8	13.0	17.2	15.9	9.5	4.4	7554	7855	7282	7221	90	272	689	compared
v1.9.0-rc1_conda_rust	Wallemia_mellicola_CBS_633.66	GCF_000263375.1	Basidiomycota	legacy	runs/v1.9.0-rc1_conda_rust/genome_annotation/Wallemia_mellicola_CBS_633.66/predict_results/Wallemia_mellicola_CBS_633.66.gff3	4931	86.3	86.1	0.3	2.5	11.2	1764	results/reference_annotations/.cache/GCF_000263375.1_Wallemia_sebi_v1.0_genomic.gff	5393	76.5	94.3	65.0	68.9	79.5	83.1	48.6	51.3	47.1	51.5	50.1	51.5	11.7	5.7	14.1	10.5	6.2	2.0	4931	5393	4861	4833	1414	70	254	compared
v1.9.0-rc1_conda_rust	Yarrowia_lipolytica_CLIB122	GCF_000002525.2	Ascomycota	legacy	runs/v1.9.0-rc1_conda_rust/genome_annotation/Yarrowia_lipolytica_CLIB122/predict_results/Yarrowia_lipolytica_CLIB122.gff3	6885	94.9	94.4	0.4	1.8	3.3	2137	results/reference_annotations/.cache/GCF_000002525.2_ASM252v1_genomic.gff	7139	94.6	97.6	72.1	72.4	56.7	49.2	51.6	47.3	77.1	80.1	77.4	80.1	8.6	9.4	37.4	45.6	6.4	3.5	6885	7139	6653	6646	9	232	455	compared
v1.9.0-rc1_conda_rust	Zygosaccharomyces_rouxii_CBS_732	GCF_000026365.1	Ascomycota	legacy	runs/v1.9.0-rc1_conda_rust/genome_annotation/Zygosaccharomyces_rouxii_CBS_732/predict_results/Zygosaccharomyces_rouxii_CBS_732.gff3	4993	97.1	97.0	0.2	0.6	2.3	2137	results/reference_annotations/.cache/GCF_000026365.1_ASM2636v1_genomic.gff	5323	96.7	99.4	85.3	88.8	55.0	36.4	55.6	36.5	87.6	93.4	87.6	93.4	6.8	2.0	36.4	57.8	6.5	0.9	4993	5323	4956	4949	48	37	309	compared
v1.9.0-rc1_conda_rust	Zymoseptoria_tritici_IPO323	GCF_000219625.1	Ascomycota	legacy	runs/v1.9.0-rc1_conda_rust/genome_annotation/Zymoseptoria_tritici_IPO323/predict_results/Zymoseptoria_tritici_IPO323.gff3	12493	97.1	97.1	0.0	1.4	1.5	3786	results/reference_annotations/.cache/GCF_000219625.1_MYCGR_v2.0_genomic.gff	10941	88.4	80.7	48.4	47.8	62.4	67.2	46.3	41.9	46.9	41.1	47.0	41.1	15.2	19.3	29.7	23.5	7.9	16.1	12493	10941	10734	10500	340	1759	748	compared
