genome	cell	query_gene_count	ref_gene_count	busco_complete_pct	busco_missing_pct	gffcompare_intron_level_sensitivity	gffcompare_intron_level_precision	gffcompare_intron_chain_level_sensitivity	gffcompare_intron_chain_level_precision	gffcompare_transcript_level_sensitivity	gffcompare_transcript_level_precision	gffcompare_locus_level_sensitivity	gffcompare_missed_loci_pct
Saccharomyces_cerevisiae_S288C	v1.8.17_conda	5687	6459	97.5	1.9	53.5	58.4	53.9	56.6	83.4	95.0	84.8	10.6
Saccharomyces_cerevisiae_S288C	v1.9.0-rc1_conda	5632	6459	97.5	1.9	58.0	61.4	58.6	59.6	83.1	95.5	84.4	11.4
Saccharomyces_cerevisiae_S288C	v1.9.0-rc1_conda_rust	5678	6459	97.6	1.7	57.1	68.5	56.9	67.7	83.9	95.7	85.3	10.9
Saccharomyces_cerevisiae_S288C	v1.9.0-rc1_container	5676	6459	97.6	1.7	57.1	67.5	56.9	67.0	83.9	95.8	85.3	10.9
Saccharomyces_cerevisiae_S288C	v1.9.0-rc1_container_rust	5680	6459	97.6	1.7	57.4	70.2	57.1	69.3	84.0	95.8	85.4	10.9
Saccharomyces_cerevisiae_S288C	v1.9.0-rc3_container_rust	5736	6459	98.0	1.3	63.3	73.6	63.3	73.1	85.2	96.2	86.6	10.1
Aspergillus_fumigatus_Af293	v1.8.17_conda	10118	10085	95.9	1.9	76.3	83.0	53.7	55.6	52.4	52.2	52.5	7.0
Aspergillus_fumigatus_Af293	v1.9.0-rc1_conda	9936	10085	96.2	1.7	76.8	82.9	54.2	55.9	52.7	53.5	52.9	7.0
Aspergillus_fumigatus_Af293	v1.9.0-rc1_conda_rust	9903	10085	95.7	2.2	76.4	82.9	54.0	56.0	52.6	53.5	52.7	7.4
Aspergillus_fumigatus_Af293	v1.9.0-rc1_container	9948	10085	96.2	1.7	76.7	82.8	54.1	55.6	52.5	53.3	52.7	7.0
Aspergillus_fumigatus_Af293	v1.9.0-rc1_container_rust	9896	10085	95.7	2.2	76.4	82.7	53.9	55.7	52.5	53.5	52.6	7.4
Aspergillus_fumigatus_Af293	v1.9.0-rc3_container_rust	10023	10085	96.2	2.1	77.3	83.4	54.0	57.5	54.3	54.6	54.4	7.1
Botrytis_cinerea_B05.10	v1.8.17_conda	12424	11698	98.7	0.5	83.5	93.2	65.0	76.5	57.5	63.4	67.3	3.2
Botrytis_cinerea_B05.10	v1.9.0-rc1_conda	12137	11698	98.4	0.6	83.3	93.2	64.6	76.5	57.3	64.7	67.1	3.3
Botrytis_cinerea_B05.10	v1.9.0-rc1_conda_rust	12139	11698	98.4	0.6	83.3	93.2	64.5	76.5	57.3	64.7	67.1	3.3
Botrytis_cinerea_B05.10	v1.9.0-rc1_container	12145	11698	98.3	0.6	83.3	93.2	64.5	76.4	57.3	64.6	67.1	3.3
Botrytis_cinerea_B05.10	v1.9.0-rc1_container_rust	12139	11698	98.2	0.6	83.3	93.2	64.5	76.5	57.3	64.6	67.1	3.3
Botrytis_cinerea_B05.10	v1.9.0-rc3_container_rust	12284	11698	98.2	0.6	84.1	93.9	64.5	77.9	57.6	64.1	67.4	3.1
Zymoseptoria_tritici_IPO323	v1.8.17_conda	13101	10941	96.6	1.9	62.1	67.0	45.6	41.1	46.2	38.6	46.3	7.6
Zymoseptoria_tritici_IPO323	v1.9.0-rc1_conda	12491	10941	97.1	1.4	62.4	67.1	46.3	41.7	46.9	41.1	47.0	7.9
Zymoseptoria_tritici_IPO323	v1.9.0-rc1_conda_rust	12493	10941	97.1	1.5	62.4	67.2	46.3	41.9	46.9	41.1	47.0	7.9
Zymoseptoria_tritici_IPO323	v1.9.0-rc1_container	12486	10941	97.3	1.4	62.4	67.2	46.4	42.0	47.0	41.2	47.1	7.9
Zymoseptoria_tritici_IPO323	v1.9.0-rc1_container_rust	12484	10941	97.2	1.4	62.4	67.0	46.4	41.8	46.8	41.0	46.9	7.9
Zymoseptoria_tritici_IPO323	v1.9.0-rc3_container_rust	12885	10941	97.0	1.4	62.2	68.7	45.8	44.0	48.9	41.5	49.0	7.3
Pyrenophora_teres_0-1	v1.8.17_conda	7898	11799	72.1	18.0	57.8	76.1	41.7	51.1	36.0	53.8	36.0	36.1
Pyrenophora_teres_0-1	v1.9.0-rc1_conda	7496	11799	67.1	22.1	54.5	74.7	38.5	49.1	32.8	51.6	32.8	39.4
Pyrenophora_teres_0-1	v1.9.0-rc1_conda_rust	7512	11799	67.8	21.8	54.8	74.7	38.8	49.3	33.0	51.8	33.0	39.2
Pyrenophora_teres_0-1	v1.9.0-rc1_container	7523	11799	67.8	21.8	54.8	74.9	38.8	49.5	33.1	52.0	33.1	39.1
Pyrenophora_teres_0-1	v1.9.0-rc1_container_rust	7485	11799	67.2	22.1	54.5	74.7	38.7	49.2	32.8	51.6	32.8	39.5
Pyrenophora_teres_0-1	v1.9.0-rc3_container_rust	10437	11799	96.7	1.6	83.9	88.0	70.6	73.6	67.4	76.2	67.4	13.6
