cell	genome	process	task_name	status	exit	realtime_s	cpu_pct	peak_rss_gb	rss_field	cpu_hours	attempt	cpus	memory_req_gb	queue	hostname	submit	start	complete	trace_file	role
v1.9.0-rc1_container	-	FETCH_RNASEQ:COLLECT_SRA_QUERY	FETCH_RNASEQ:COLLECT_SRA_QUERY	CACHED	0	0.0	58.9	0.0031000000000000003	peak_rss	0.0	1	1	2.0	short		2026-09-21 17:13:04.115	2026-09-21 17:14:03.251	2026-09-21 17:14:03.254	annotate_trace.20260924_011756.txt	cached
v1.9.0-rc1_container	Rhizopus_microsporus	TRAIN_PREDICT:RNASEQ_PREPARE	TRAIN_PREDICT:RNASEQ_PREPARE (Rhizopus_microsporus)	COMPLETED	0	1054.0	909.3	6.8	peak_rss	2.6622283333333336	1	16	52.0	epyc		2026-09-24 01:18:31.179	2026-09-24 01:22:15.780	2026-09-24 01:40:16.069	annotate_trace.20260924_011756.txt	final
v1.9.0-rc1_container	Spizellomyces_punctatus_DAOM_BR117	TRAIN_PREDICT:FUNANNOTATE_PREDICT	TRAIN_PREDICT:FUNANNOTATE_PREDICT (Spizellomyces_punctatus_DAOM_BR117)	COMPLETED	0	2982.0	642.0	7.3	peak_rss	5.3179	1	8	32.0	epyc		2026-09-24 01:18:21.320	2026-09-24 01:19:15.987	2026-09-24 02:09:16.263	annotate_trace.20260924_011756.txt	final
v1.9.0-rc1_container	Cryptococcus_neoformans	TRAIN_PREDICT:RNASEQ_PREPARE	TRAIN_PREDICT:RNASEQ_PREPARE (Cryptococcus_neoformans)	COMPLETED	0	2702.0	1293.6	2.2	peak_rss	9.709186666666666	1	16	52.0	epyc		2026-09-24 01:18:37.192	2026-09-24 01:40:16.125	2026-09-24 02:25:16.313	annotate_trace.20260924_011756.txt	final
v1.9.0-rc1_container	Rhodotorula_toruloides_NP11	TRAIN_PREDICT:FUNANNOTATE_PREDICT	TRAIN_PREDICT:FUNANNOTATE_PREDICT (Rhodotorula_toruloides_NP11)	COMPLETED	0	4307.0	670.1	4.3	peak_rss	8.017001944444445	1	8	32.0	epyc		2026-09-24 01:18:20.873	2026-09-24 01:19:15.766	2026-09-24 02:31:16.261	annotate_trace.20260924_011756.txt	final
v1.9.0-rc1_container	Allomyces_macrogynus	TRAIN_PREDICT:RNASEQ_PREPARE	TRAIN_PREDICT:RNASEQ_PREPARE (Allomyces_macrogynus)	COMPLETED	0	4402.0	1272.2	2.2	peak_rss	15.55617888888889	1	16	52.0	epyc		2026-09-24 01:18:25.182	2026-09-24 01:19:16.003	2026-09-24 02:33:16.262	annotate_trace.20260924_011756.txt	final
v1.9.0-rc1_container	Rhodotorula_graminis_WP1	TRAIN_PREDICT:FUNANNOTATE_PREDICT	TRAIN_PREDICT:FUNANNOTATE_PREDICT (Rhodotorula_graminis_WP1)	COMPLETED	0	4856.0	628.6	9.0	peak_rss	8.479115555555556	1	8	32.0	epyc		2026-09-24 01:18:27.185	2026-09-24 01:19:16.039	2026-09-24 02:40:16.316	annotate_trace.20260924_011756.txt	final
v1.9.0-rc1_container	Nakaseomyces_glabratus_CBS_138	TRAIN_PREDICT:FUNANNOTATE_PREDICT	TRAIN_PREDICT:FUNANNOTATE_PREDICT (Nakaseomyces_glabratus_CBS_138)	COMPLETED	0	3693.0	585.3	5.7	peak_rss	6.0042025	1	8	32.0	epyc		2026-09-24 01:18:39.184	2026-09-24 01:40:16.146	2026-09-24 02:42:16.378	annotate_trace.20260924_011756.txt	final
v1.9.0-rc1_container	Malassezia_globosa	TRAIN_PREDICT:RNASEQ_PREPARE	TRAIN_PREDICT:RNASEQ_PREPARE (Malassezia_globosa)	COMPLETED	0	1116.0	1246.1	1.5	peak_rss	3.8629099999999994	1	16	52.0	epyc		2026-09-24 01:18:45.183	2026-09-24 02:23:16.228	2026-09-24 02:42:16.381	annotate_trace.20260924_011756.txt	final
v1.9.0-rc1_container	Cryptococcus_deneoformans	TRAIN_PREDICT:RNASEQ_PREPARE	TRAIN_PREDICT:RNASEQ_PREPARE (Cryptococcus_deneoformans)	COMPLETED	0	2417.0	1199.5	3.1	peak_rss	8.053309722222222	1	16	52.0	epyc		2026-09-24 01:18:43.209	2026-09-24 02:09:16.267	2026-09-24 02:50:16.444	annotate_trace.20260924_011756.txt	final
v1.9.0-rc1_container	Phycomyces_blakesleeanus	TRAIN_PREDICT:RNASEQ_PREPARE	TRAIN_PREDICT:RNASEQ_PREPARE (Phycomyces_blakesleeanus)	COMPLETED	0	6135.0	1143.2	2.8	peak_rss	19.482033333333334	1	16	52.0	epyc		2026-09-24 01:18:23.254	2026-09-24 01:19:15.993	2026-09-24 03:01:16.408	annotate_trace.20260924_011756.txt	final
v1.9.0-rc1_container	Kluyveromyces_lactis	TRAIN_PREDICT:RNASEQ_PREPARE	TRAIN_PREDICT:RNASEQ_PREPARE (Kluyveromyces_lactis)	COMPLETED	0	918.0	1211.2	4.7	peak_rss	3.08856	1	16	52.0	epyc		2026-09-24 01:18:53.182	2026-09-24 02:50:16.460	2026-09-24 03:06:16.430	annotate_trace.20260924_011756.txt	final
v1.9.0-rc1_container	Pyricularia_oryzae_70-15	TRAIN_PREDICT:FUNANNOTATE_PREDICT	TRAIN_PREDICT:FUNANNOTATE_PREDICT (Pyricularia_oryzae_70-15)	COMPLETED	0	5745.0	619.3	12.1	peak_rss	9.882995833333334	1	8	32.0	epyc		2026-09-24 01:18:35.181	2026-09-24 01:34:16.045	2026-09-24 03:10:16.513	annotate_trace.20260924_011756.txt	final
v1.9.0-rc1_container	Leptographium_clavigerum_kw1407	TRAIN_PREDICT:FUNANNOTATE_PREDICT	TRAIN_PREDICT:FUNANNOTATE_PREDICT (Leptographium_clavigerum_kw1407)	COMPLETED	0	6581.0	617.6	6.5	peak_rss	11.29007111111111	1	8	32.0	epyc		2026-09-24 01:18:33.182	2026-09-24 01:21:15.850	2026-09-24 03:11:16.455	annotate_trace.20260924_011756.txt	final
v1.9.0-rc1_container	Rhizopus_delemar	TRAIN_PREDICT:RNASEQ_PREPARE	TRAIN_PREDICT:RNASEQ_PREPARE (Rhizopus_delemar)	COMPLETED	0	7160.0	1231.5	3.3	peak_rss	24.493166666666667	1	16	52.0	epyc		2026-09-24 01:18:29.202	2026-09-24 01:19:16.048	2026-09-24 03:19:16.537	annotate_trace.20260924_011756.txt	final
v1.9.0-rc1_container	Cystobasidium_minutum_MCA_4210	TRAIN_PREDICT:FUNANNOTATE_PREDICT	TRAIN_PREDICT:FUNANNOTATE_PREDICT (Cystobasidium_minutum_MCA_4210)	COMPLETED	0	5121.0	584.5	12.3	peak_rss	8.314512500000001	1	8	32.0	epyc		2026-09-24 01:18:41.213	2026-09-24 01:59:16.276	2026-09-24 03:24:16.546	annotate_trace.20260924_011756.txt	final
v1.9.0-rc1_container	Talaromyces_marneffei	TRAIN_PREDICT:RNASEQ_PREPARE	TRAIN_PREDICT:RNASEQ_PREPARE (Talaromyces_marneffei)	COMPLETED	0	4131.0	1291.3	7.9	peak_rss	14.8176675	1	16	52.0	epyc		2026-09-24 01:18:49.202	2026-09-24 02:26:16.313	2026-09-24 03:35:16.592	annotate_trace.20260924_011756.txt	final
v1.9.0-rc1_container	Mixia_osmundae_IAM_14324	TRAIN_PREDICT:FUNANNOTATE_PREDICT	TRAIN_PREDICT:FUNANNOTATE_PREDICT (Mixia_osmundae_IAM_14324)	COMPLETED	0	4271.0	518.5	4.2	peak_rss	6.151426388888889	1	8	32.0	epyc		2026-09-24 01:18:55.275	2026-09-24 02:33:16.266	2026-09-24 03:45:16.622	annotate_trace.20260924_011756.txt	final
v1.9.0-rc1_container	Sporobolomyces_koalae_JCM15063	TRAIN_PREDICT:FUNANNOTATE_PREDICT	TRAIN_PREDICT:FUNANNOTATE_PREDICT (Sporobolomyces_koalae_JCM15063)	COMPLETED	0	3837.0	644.5	2.8	peak_rss	6.869295833333334	1	8	32.0	epyc		2026-09-24 01:19:01.178	2026-09-24 02:46:16.350	2026-09-24 03:50:16.700	annotate_trace.20260924_011756.txt	final
v1.9.0-rc1_container	Sporobolomyces_salmoneus_JCM6883	TRAIN_PREDICT:FUNANNOTATE_PREDICT	TRAIN_PREDICT:FUNANNOTATE_PREDICT (Sporobolomyces_salmoneus_JCM6883)	COMPLETED	0	3631.0	637.9	3.5	peak_rss	6.433930277777778	1	8	32.0	epyc		2026-09-24 01:19:07.183	2026-09-24 03:07:16.434	2026-09-24 04:08:16.763	annotate_trace.20260924_011756.txt	final
v1.9.0-rc1_container	Parastagonospora_nodorum	TRAIN_PREDICT:RNASEQ_PREPARE	TRAIN_PREDICT:RNASEQ_PREPARE (Parastagonospora_nodorum)	COMPLETED	0	3750.0	1263.9	3.8	peak_rss	13.165625000000002	1	16	52.0	epyc		2026-09-24 01:19:03.182	2026-09-24 03:10:16.516	2026-09-24 04:13:16.726	annotate_trace.20260924_011756.txt	final
v1.9.0-rc1_container	Tremella_mesenterica_Fries	TRAIN_PREDICT:FUNANNOTATE_PREDICT	TRAIN_PREDICT:FUNANNOTATE_PREDICT (Tremella_mesenterica_Fries)	COMPLETED	0	6955.0	653.9	8.0	peak_rss	12.632984722222222	1	8	32.0	epyc		2026-09-24 01:18:47.182	2026-09-24 02:18:16.277	2026-09-24 04:14:16.756	annotate_trace.20260924_011756.txt	final
v1.9.0-rc1_container	Aspergillus_clavatus_NRRL_1	TRAIN_PREDICT:FUNANNOTATE_PREDICT	TRAIN_PREDICT:FUNANNOTATE_PREDICT (Aspergillus_clavatus_NRRL_1)	COMPLETED	0	6201.0	670.9	11.2	peak_rss	11.5562525	1	8	32.0	epyc		2026-09-24 01:18:51.185	2026-09-24 02:32:16.266	2026-09-24 04:15:16.775	annotate_trace.20260924_011756.txt	final
v1.9.0-rc1_container	Orbilia_oligospora	TRAIN_PREDICT:RNASEQ_PREPARE	TRAIN_PREDICT:RNASEQ_PREPARE (Orbilia_oligospora)	COMPLETED	0	4783.0	1241.9	3.5	peak_rss	16.50002138888889	1	16	52.0	epyc		2026-09-24 01:18:57.183	2026-09-24 03:02:16.405	2026-09-24 04:22:16.840	annotate_trace.20260924_011756.txt	final
v1.9.0-rc1_container	Pyrenophora_tritici-repentis	TRAIN_PREDICT:RNASEQ_PREPARE	TRAIN_PREDICT:RNASEQ_PREPARE (Pyrenophora_tritici-repentis)	COMPLETED	0	4786.0	1204.6	3.7	peak_rss	16.014487777777777	1	16	52.0	epyc		2026-09-24 01:18:59.181	2026-09-24 03:03:16.475	2026-09-24 04:23:16.842	annotate_trace.20260924_011756.txt	final
v1.9.0-rc1_container	Dactylellina_haptotyla_CBS_200.50	TRAIN_PREDICT:FUNANNOTATE_PREDICT	TRAIN_PREDICT:FUNANNOTATE_PREDICT (Dactylellina_haptotyla_CBS_200.50)	COMPLETED	0	3837.0	582.2	2.6	peak_rss	6.205281666666667	1	8	32.0	epyc		2026-09-24 01:19:15.191	2026-09-24 03:20:16.539	2026-09-24 04:24:17.017	annotate_trace.20260924_011756.txt	final
v1.9.0-rc1_container	Yarrowia_lipolytica	TRAIN_PREDICT:RNASEQ_PREPARE	TRAIN_PREDICT:RNASEQ_PREPARE (Yarrowia_lipolytica)	COMPLETED	0	2694.0	1179.5	1.8	peak_rss	8.826591666666666	1	16	52.0	epyc		2026-09-24 01:19:11.188	2026-09-24 03:51:16.718	2026-09-24 04:36:16.890	annotate_trace.20260924_011756.txt	final
v1.9.0-rc1_container	Talaromyces_stipitatus_ATCC_10500	TRAIN_PREDICT:FUNANNOTATE_PREDICT	TRAIN_PREDICT:FUNANNOTATE_PREDICT (Talaromyces_stipitatus_ATCC_10500)	COMPLETED	0	5965.0	610.9	11.1	peak_rss	10.122273611111112	1	8	32.0	epyc		2026-09-24 01:19:05.180	2026-09-24 03:04:16.500	2026-09-24 04:44:16.929	annotate_trace.20260924_011756.txt	final
v1.9.0-rc1_container	Tilletiaria_anomala	TRAIN_PREDICT:RNASEQ_PREPARE	TRAIN_PREDICT:RNASEQ_PREPARE (Tilletiaria_anomala)	COMPLETED	0	2124.0	1214.2	2.2	peak_rss	7.16378	1	16	52.0	epyc		2026-09-24 01:19:17.180	2026-09-24 04:14:16.850	2026-09-24 04:50:17.051	annotate_trace.20260924_011756.txt	final
v1.9.0-rc1_container	Morchella_importuna	TRAIN_PREDICT:RNASEQ_PREPARE	TRAIN_PREDICT:RNASEQ_PREPARE (Morchella_importuna)	COMPLETED	0	4860.0	1106.8	6.9	peak_rss	14.9418	1	16	52.0	epyc		2026-09-24 01:19:09.180	2026-09-24 03:30:16.637	2026-09-24 04:51:16.951	annotate_trace.20260924_011756.txt	final
v1.9.0-rc1_container	Pyrenophora_teres	TRAIN_PREDICT:RNASEQ_PREPARE	TRAIN_PREDICT:RNASEQ_PREPARE (Pyrenophora_teres)	COMPLETED	0	1327.0	1273.1	4.4	peak_rss	4.692788055555556	1	16	52.0	epyc		2026-09-24 01:19:23.178	2026-09-24 04:31:16.875	2026-09-24 04:54:17.015	annotate_trace.20260924_011756.txt	final
v1.9.0-rc1_container	Pneumocystis_murina_B123	TRAIN_PREDICT:FUNANNOTATE_PREDICT	TRAIN_PREDICT:FUNANNOTATE_PREDICT (Pneumocystis_murina_B123)	COMPLETED	0	3026.0	693.9	2.6	peak_rss	5.832615	1	8	32.0	epyc		2026-09-24 01:19:25.176	2026-09-24 04:04:16.771	2026-09-24 04:55:17.012	annotate_trace.20260924_011756.txt	final
v1.9.0-rc1_container	Synchytrium_microbalum_JEL517	TRAIN_PREDICT:FUNANNOTATE_PREDICT	TRAIN_PREDICT:FUNANNOTATE_PREDICT (Synchytrium_microbalum_JEL517)	COMPLETED	0	3154.0	662.8	5.2	peak_rss	5.806864444444443	1	8	32.0	epyc		2026-09-24 01:19:31.183	2026-09-24 04:14:16.854	2026-09-24 05:07:16.983	annotate_trace.20260924_011756.txt	final
v1.9.0-rc1_container	Zygosaccharomyces_rouxii	TRAIN_PREDICT:RNASEQ_PREPARE	TRAIN_PREDICT:RNASEQ_PREPARE (Zygosaccharomyces_rouxii)	COMPLETED	0	1014.0	1116.0	2.7	peak_rss	3.1434	1	16	52.0	epyc		2026-09-24 01:19:33.380	2026-09-24 04:51:17.084	2026-09-24 05:09:17.100	annotate_trace.20260924_011756.txt	final
v1.9.0-rc1_container	Uncinocarpus_reesii_1704	TRAIN_PREDICT:FUNANNOTATE_PREDICT	TRAIN_PREDICT:FUNANNOTATE_PREDICT (Uncinocarpus_reesii_1704)	COMPLETED	0	5377.0	651.0	11.6	peak_rss	9.723408333333332	1	8	32.0	epyc		2026-09-24 01:19:19.181	2026-09-24 03:45:16.699	2026-09-24 05:15:17.095	annotate_trace.20260924_011756.txt	final
v1.9.0-rc1_container	Schizophyllum_commune	TRAIN_PREDICT:RNASEQ_PREPARE	TRAIN_PREDICT:RNASEQ_PREPARE (Schizophyllum_commune)	COMPLETED	0	3206.0	1229.8	2.6	peak_rss	10.952052222222223	1	16	52.0	epyc		2026-09-24 01:19:21.252	2026-09-24 04:24:17.019	2026-09-24 05:18:17.026	annotate_trace.20260924_011756.txt	final
v1.9.0-rc1_container	Letharia_columbiana_WasteWater2	TRAIN_PREDICT:FUNANNOTATE_PREDICT	TRAIN_PREDICT:FUNANNOTATE_PREDICT (Letharia_columbiana_WasteWater2)	COMPLETED	0	4495.0	616.7	4.3	peak_rss	7.7001847222222235	1	8	32.0	epyc		2026-09-24 01:19:35.175	2026-09-24 04:16:16.763	2026-09-24 05:31:17.102	annotate_trace.20260924_011756.txt	final
v1.9.0-rc1_container	Tilletiopsis_washingtonensis	TRAIN_PREDICT:RNASEQ_PREPARE	TRAIN_PREDICT:RNASEQ_PREPARE (Tilletiopsis_washingtonensis)	COMPLETED	0	2468.0	1228.5	1.7	peak_rss	8.42205	1	16	52.0	epyc		2026-09-24 01:19:29.184	2026-09-24 04:50:17.056	2026-09-24 05:32:17.100	annotate_trace.20260924_011756.txt	final
v1.9.0-rc1_container	Sugiyamaella_lignohabitans_CBS_10342	TRAIN_PREDICT:FUNANNOTATE_PREDICT	TRAIN_PREDICT:FUNANNOTATE_PREDICT (Sugiyamaella_lignohabitans_CBS_10342)	COMPLETED	0	4200.0	652.6	12.3	peak_rss	7.613666666666667	1	8	32.0	epyc		2026-09-24 01:19:37.197	2026-09-24 04:24:17.035	2026-09-24 05:35:17.122	annotate_trace.20260924_011756.txt	final
v1.9.0-rc1_container	Wallemia_mellicola_CBS_633.66	TRAIN_PREDICT:FUNANNOTATE_PREDICT	TRAIN_PREDICT:FUNANNOTATE_PREDICT (Wallemia_mellicola_CBS_633.66)	COMPLETED	0	3252.0	633.8	2.8	peak_rss	5.725326666666666	1	8	32.0	epyc		2026-09-24 01:19:43.177	2026-09-24 04:46:16.999	2026-09-24 05:40:17.173	annotate_trace.20260924_011756.txt	final
v1.9.0-rc1_container	Aspergillus_fumigatus	TRAIN_PREDICT:RNASEQ_PREPARE	TRAIN_PREDICT:RNASEQ_PREPARE (Aspergillus_fumigatus)	COMPLETED	0	3619.0	1290.1	3.9	peak_rss	12.96908861111111	1	16	52.0	epyc		2026-09-24 01:19:41.216	2026-09-24 05:02:17.021	2026-09-24 06:02:17.284	annotate_trace.20260924_011756.txt	final
v1.9.0-rc1_container	Botrytis_cinerea	TRAIN_PREDICT:RNASEQ_PREPARE	TRAIN_PREDICT:RNASEQ_PREPARE (Botrytis_cinerea)	COMPLETED	0	5084.0	1266.0	2.6	peak_rss	17.878733333333333	1	16	52.0	epyc		2026-09-24 01:19:27.185	2026-09-24 04:39:16.961	2026-09-24 06:04:17.384	annotate_trace.20260924_011756.txt	final
v1.9.0-rc1_container	Eremothecium_gossypii_ATCC_10895	TRAIN_PREDICT:FUNANNOTATE_PREDICT	TRAIN_PREDICT:FUNANNOTATE_PREDICT (Eremothecium_gossypii_ATCC_10895)	COMPLETED	0	10594.0	294.6	3.3	peak_rss	8.669423333333334	1	8	32.0	epyc		2026-09-24 01:19:13.182	2026-09-24 03:12:16.457	2026-09-24 06:09:17.388	annotate_trace.20260924_011756.txt	final
v1.9.0-rc1_container	Malassezia_sympodialis	TRAIN_PREDICT:RNASEQ_PREPARE	TRAIN_PREDICT:RNASEQ_PREPARE (Malassezia_sympodialis)	COMPLETED	0	1380.0	1158.2	1.0	peak_rss	4.439766666666667	1	16	52.0	epyc		2026-09-24 01:19:57.190	2026-09-24 05:52:17.318	2026-09-24 06:15:17.469	annotate_trace.20260924_011756.txt	final
v1.9.0-rc1_container	Blastomyces_dermatitidis_ER-3	TRAIN_PREDICT:FUNANNOTATE_PREDICT	TRAIN_PREDICT:FUNANNOTATE_PREDICT (Blastomyces_dermatitidis_ER-3)	COMPLETED	0	6052.0	641.2	23.2	peak_rss	10.779284444444444	1	8	32.0	epyc		2026-09-24 01:19:39.177	2026-09-24 04:35:16.972	2026-09-24 06:17:17.426	annotate_trace.20260924_011756.txt	final
v1.9.0-rc1_container	Protomyces_lactucae-debilis	TRAIN_PREDICT:RNASEQ_PREPARE	TRAIN_PREDICT:RNASEQ_PREPARE (Protomyces_lactucae-debilis)	COMPLETED	0	1240.0	1235.8	4.6	peak_rss	4.256644444444444	1	16	52.0	epyc		2026-09-24 01:20:01.183	2026-09-24 06:04:17.390	2026-09-24 06:25:17.692	annotate_trace.20260924_011756.txt	final
v1.9.0-rc1_container	Lipomyces_tetrasporus	TRAIN_PREDICT:RNASEQ_PREPARE	TRAIN_PREDICT:RNASEQ_PREPARE (Lipomyces_tetrasporus)	COMPLETED	0	4275.0	1289.2	3.0	peak_rss	15.309250000000002	1	16	52.0	epyc		2026-09-24 01:19:49.177	2026-09-24 05:18:17.148	2026-09-24 06:30:17.540	annotate_trace.20260924_011756.txt	final
v1.9.0-rc1_container	Sclerotinia_sclerotiorum	TRAIN_PREDICT:RNASEQ_PREPARE	TRAIN_PREDICT:RNASEQ_PREPARE (Sclerotinia_sclerotiorum)	COMPLETED	0	3854.0	1220.3	2.8	peak_rss	13.063989444444443	1	16	52.0	epyc		2026-09-24 01:19:55.179	2026-09-24 05:40:17.247	2026-09-24 06:45:17.631	annotate_trace.20260924_011756.txt	final
v1.9.0-rc1_container	Gaeumannomyces_tritici	TRAIN_PREDICT:RNASEQ_PREPARE	TRAIN_PREDICT:RNASEQ_PREPARE (Gaeumannomyces_tritici)	COMPLETED	0	5060.0	1214.6	2.6	peak_rss	17.071877777777775	1	16	52.0	epyc		2026-09-24 01:19:51.183	2026-09-24 05:20:17.116	2026-09-24 06:45:17.613	annotate_trace.20260924_011756.txt	final
v1.9.0-rc1_container	Chaetomium_globosum	TRAIN_PREDICT:RNASEQ_PREPARE	TRAIN_PREDICT:RNASEQ_PREPARE (Chaetomium_globosum)	COMPLETED	0	5446.0	1236.2	2.8	peak_rss	18.700958888888888	1	16	52.0	epyc		2026-09-24 01:19:53.178	2026-09-24 05:32:17.180	2026-09-24 07:03:17.638	annotate_trace.20260924_011756.txt	final
v1.9.0-rc1_container	Laccaria_bicolor_S238N-H82	TRAIN_PREDICT:FUNANNOTATE_PREDICT	TRAIN_PREDICT:FUNANNOTATE_PREDICT (Laccaria_bicolor_S238N-H82)	COMPLETED	0	8915.0	644.7	6.9	peak_rss	15.965279166666665	1	8	32.0	epyc		2026-09-24 01:19:47.174	2026-09-24 04:48:16.934	2026-09-24 07:17:17.792	annotate_trace.20260924_011756.txt	final
v1.9.0-rc1_container	Pseudogymnoascus_destructans	TRAIN_PREDICT:RNASEQ_PREPARE	TRAIN_PREDICT:RNASEQ_PREPARE (Pseudogymnoascus_destructans)	COMPLETED	0	3785.0	1171.1	2.9	peak_rss	12.312815277777776	1	16	52.0	epyc		2026-09-24 01:20:03.178	2026-09-24 06:15:17.553	2026-09-24 07:19:17.899	annotate_trace.20260924_011756.txt	final
v1.9.0-rc1_container	Mucor_mucedo	TRAIN_PREDICT:RNASEQ_PREPARE	TRAIN_PREDICT:RNASEQ_PREPARE (Mucor_mucedo)	COMPLETED	0	4620.0	1173.7	2.1	peak_rss	15.062483333333335	1	16	52.0	epyc		2026-09-24 01:19:59.173	2026-09-24 06:02:17.458	2026-09-24 07:20:17.805	annotate_trace.20260924_011756.txt	final
v1.9.0-rc1_container_rust	-	FETCH_RNASEQ:COLLECT_SRA_QUERY	FETCH_RNASEQ:COLLECT_SRA_QUERY	CACHED	0	0.0	50.8	0.0031000000000000003	peak_rss	0.0	1	1	2.0	short		2026-09-21 17:13:05.895	2026-09-21 17:14:04.973	2026-09-21 17:14:04.976	annotate_trace.20260924_011757.txt	cached
v1.9.0-rc1_container_rust	Rhizopus_microsporus	TRAIN_PREDICT:RNASEQ_PREPARE	TRAIN_PREDICT:RNASEQ_PREPARE (Rhizopus_microsporus)	COMPLETED	0	870.0	915.6	7.0	peak_rss	2.2127000000000003	1	16	52.0	epyc		2026-09-24 01:18:24.779	2026-09-24 01:19:18.826	2026-09-24 01:34:18.908	annotate_trace.20260924_011757.txt	final
v1.9.0-rc1_container_rust	Spizellomyces_punctatus_DAOM_BR117	TRAIN_PREDICT:FUNANNOTATE_PREDICT	TRAIN_PREDICT:FUNANNOTATE_PREDICT (Spizellomyces_punctatus_DAOM_BR117)	COMPLETED	0	2360.0	637.1	4.2	peak_rss	4.176544444444445	1	8	32.0	epyc		2026-09-24 01:18:26.560	2026-09-24 01:19:18.839	2026-09-24 01:58:18.981	annotate_trace.20260924_011757.txt	final
v1.9.0-rc1_container_rust	Cryptococcus_deneoformans	TRAIN_PREDICT:RNASEQ_PREPARE	TRAIN_PREDICT:RNASEQ_PREPARE (Cryptococcus_deneoformans)	COMPLETED	0	2912.0	1226.0	3.1	peak_rss	9.916977777777777	1	16	52.0	epyc		2026-09-24 01:18:32.536	2026-09-24 01:26:18.887	2026-09-24 02:16:19.057	annotate_trace.20260924_011757.txt	final
v1.9.0-rc1_container_rust	Rhodotorula_toruloides_NP11	TRAIN_PREDICT:FUNANNOTATE_PREDICT	TRAIN_PREDICT:FUNANNOTATE_PREDICT (Rhodotorula_toruloides_NP11)	COMPLETED	0	3475.0	629.1	4.2	peak_rss	6.0725625	1	8	32.0	epyc		2026-09-24 01:18:28.548	2026-09-24 01:19:18.856	2026-09-24 02:17:19.070	annotate_trace.20260924_011757.txt	final
v1.9.0-rc1_container_rust	Rhodotorula_graminis_WP1	TRAIN_PREDICT:FUNANNOTATE_PREDICT	TRAIN_PREDICT:FUNANNOTATE_PREDICT (Rhodotorula_graminis_WP1)	COMPLETED	0	3664.0	646.4	6.5	peak_rss	6.578915555555555	1	8	32.0	epyc		2026-09-24 01:18:30.549	2026-09-24 01:19:18.864	2026-09-24 02:20:19.106	annotate_trace.20260924_011757.txt	final
v1.9.0-rc1_container_rust	Allomyces_macrogynus	TRAIN_PREDICT:RNASEQ_PREPARE	TRAIN_PREDICT:RNASEQ_PREPARE (Allomyces_macrogynus)	COMPLETED	0	3798.0	1240.6	2.2	peak_rss	13.088329999999997	1	16	52.0	epyc		2026-09-24 01:18:24.169	2026-09-24 01:19:18.683	2026-09-24 02:23:19.106	annotate_trace.20260924_011757.txt	final
v1.9.0-rc1_container_rust	Malassezia_globosa	TRAIN_PREDICT:RNASEQ_PREPARE	TRAIN_PREDICT:RNASEQ_PREPARE (Malassezia_globosa)	COMPLETED	0	1192.0	1218.0	1.5	peak_rss	4.032933333333333	1	16	52.0	epyc		2026-09-24 01:18:49.600	2026-09-24 02:34:19.310	2026-09-24 02:54:19.373	annotate_trace.20260924_011757.txt	final
v1.9.0-rc1_container_rust	Leptographium_clavigerum_kw1407	TRAIN_PREDICT:FUNANNOTATE_PREDICT	TRAIN_PREDICT:FUNANNOTATE_PREDICT (Leptographium_clavigerum_kw1407)	COMPLETED	0	5136.0	620.4	4.1	peak_rss	8.85104	1	8	32.0	epyc		2026-09-24 01:18:38.591	2026-09-24 01:34:19.046	2026-09-24 03:00:19.407	annotate_trace.20260924_011757.txt	final
v1.9.0-rc1_container_rust	Cryptococcus_neoformans	TRAIN_PREDICT:RNASEQ_PREPARE	TRAIN_PREDICT:RNASEQ_PREPARE (Cryptococcus_neoformans)	COMPLETED	0	2808.0	1235.0	2.2	peak_rss	9.633000000000001	1	16	52.0	epyc		2026-09-24 01:18:44.550	2026-09-24 02:16:19.370	2026-09-24 03:03:19.332	annotate_trace.20260924_011757.txt	final
v1.9.0-rc1_container_rust	Nakaseomyces_glabratus_CBS_138	TRAIN_PREDICT:FUNANNOTATE_PREDICT	TRAIN_PREDICT:FUNANNOTATE_PREDICT (Nakaseomyces_glabratus_CBS_138)	COMPLETED	0	2965.0	634.3	2.9	peak_rss	5.224165277777778	1	8	32.0	epyc		2026-09-24 01:18:46.533	2026-09-24 02:14:19.117	2026-09-24 03:04:19.441	annotate_trace.20260924_011757.txt	final
v1.9.0-rc1_container_rust	Pyricularia_oryzae_70-15	TRAIN_PREDICT:FUNANNOTATE_PREDICT	TRAIN_PREDICT:FUNANNOTATE_PREDICT (Pyricularia_oryzae_70-15)	COMPLETED	0	5559.0	594.2	6.2	peak_rss	9.175438333333334	1	8	32.0	epyc		2026-09-24 01:18:34.826	2026-09-24 01:34:19.038	2026-09-24 03:07:19.368	annotate_trace.20260924_011757.txt	final
v1.9.0-rc1_container_rust	Rhizopus_delemar	TRAIN_PREDICT:RNASEQ_PREPARE	TRAIN_PREDICT:RNASEQ_PREPARE (Rhizopus_delemar)	COMPLETED	0	5690.0	1224.2	3.3	peak_rss	19.349161111111112	1	16	52.0	epyc		2026-09-24 01:18:36.550	2026-09-24 01:34:19.042	2026-09-24 03:09:19.382	annotate_trace.20260924_011757.txt	final
v1.9.0-rc1_container_rust	Cystobasidium_minutum_MCA_4210	TRAIN_PREDICT:FUNANNOTATE_PREDICT	TRAIN_PREDICT:FUNANNOTATE_PREDICT (Cystobasidium_minutum_MCA_4210)	COMPLETED	0	3574.0	639.5	4.4	peak_rss	6.3488138888888885	1	8	32.0	epyc		2026-09-24 01:18:42.540	2026-09-24 02:08:19.017	2026-09-24 03:09:19.462	annotate_trace.20260924_011757.txt	final
v1.9.0-rc1_container_rust	Mixia_osmundae_IAM_14324	TRAIN_PREDICT:FUNANNOTATE_PREDICT	TRAIN_PREDICT:FUNANNOTATE_PREDICT (Mixia_osmundae_IAM_14324)	COMPLETED	0	2299.0	680.8	2.3	peak_rss	4.347664444444445	1	8	32.0	epyc		2026-09-24 01:18:56.545	2026-09-24 02:41:19.230	2026-09-24 03:19:19.545	annotate_trace.20260924_011757.txt	final
v1.9.0-rc1_container_rust	Kluyveromyces_lactis	TRAIN_PREDICT:RNASEQ_PREPARE	TRAIN_PREDICT:RNASEQ_PREPARE (Kluyveromyces_lactis)	COMPLETED	0	809.0	1184.3	13.1	peak_rss	2.661385277777778	1	16	52.0	epyc		2026-09-24 01:19:00.545	2026-09-24 03:06:19.424	2026-09-24 03:20:19.489	annotate_trace.20260924_011757.txt	final
v1.9.0-rc1_container_rust	Phycomyces_blakesleeanus	TRAIN_PREDICT:RNASEQ_PREPARE	TRAIN_PREDICT:RNASEQ_PREPARE (Phycomyces_blakesleeanus)	COMPLETED	0	6555.0	1154.9	2.9	peak_rss	21.028804166666667	1	16	52.0	epyc		2026-09-24 01:18:40.543	2026-09-24 01:40:18.966	2026-09-24 03:30:19.528	annotate_trace.20260924_011757.txt	final
v1.9.0-rc1_container_rust	Pneumocystis_murina_B123	TRAIN_PREDICT:FUNANNOTATE_PREDICT	TRAIN_PREDICT:FUNANNOTATE_PREDICT (Pneumocystis_murina_B123)	COMPLETED	0	2781.0	643.0	3.5	peak_rss	4.967174999999999	1	8	32.0	epyc		2026-09-24 01:19:02.535	2026-09-24 03:00:19.414	2026-09-24 03:47:19.714	annotate_trace.20260924_011757.txt	final
v1.9.0-rc1_container_rust	Talaromyces_marneffei	TRAIN_PREDICT:RNASEQ_PREPARE	TRAIN_PREDICT:RNASEQ_PREPARE (Talaromyces_marneffei)	COMPLETED	0	4089.0	1288.6	7.8	peak_rss	14.63634833333333	1	16	52.0	epyc		2026-09-24 01:18:52.543	2026-09-24 02:42:19.230	2026-09-24 03:50:19.661	annotate_trace.20260924_011757.txt	final
v1.9.0-rc1_container_rust	Sporobolomyces_koalae_JCM15063	TRAIN_PREDICT:FUNANNOTATE_PREDICT	TRAIN_PREDICT:FUNANNOTATE_PREDICT (Sporobolomyces_koalae_JCM15063)	COMPLETED	0	3310.0	650.6	3.2	peak_rss	5.981905555555556	1	8	32.0	epyc		2026-09-24 01:19:08.537	2026-09-24 03:09:19.484	2026-09-24 04:04:19.747	annotate_trace.20260924_011757.txt	final
v1.9.0-rc1_container_rust	Eremothecium_gossypii_ATCC_10895	TRAIN_PREDICT:FUNANNOTATE_PREDICT	TRAIN_PREDICT:FUNANNOTATE_PREDICT (Eremothecium_gossypii_ATCC_10895)	COMPLETED	0	2689.0	643.5	4.0	peak_rss	4.806587499999999	1	8	32.0	epyc		2026-09-24 01:19:18.567	2026-09-24 03:25:19.563	2026-09-24 04:10:19.694	annotate_trace.20260924_011757.txt	final
v1.9.0-rc1_container_rust	Tilletiaria_anomala	TRAIN_PREDICT:RNASEQ_PREPARE	TRAIN_PREDICT:RNASEQ_PREPARE (Tilletiaria_anomala)	COMPLETED	0	2178.0	1261.2	2.2	peak_rss	7.63026	1	16	52.0	epyc		2026-09-24 01:19:10.549	2026-09-24 03:35:19.545	2026-09-24 04:12:19.746	annotate_trace.20260924_011757.txt	final
v1.9.0-rc1_container_rust	Aspergillus_clavatus_NRRL_1	TRAIN_PREDICT:FUNANNOTATE_PREDICT	TRAIN_PREDICT:FUNANNOTATE_PREDICT (Aspergillus_clavatus_NRRL_1)	COMPLETED	0	5457.0	622.4	4.0	peak_rss	9.434546666666668	1	8	32.0	epyc		2026-09-24 01:18:58.530	2026-09-24 02:42:19.300	2026-09-24 04:13:19.755	annotate_trace.20260924_011757.txt	final
v1.9.0-rc1_container_rust	Parastagonospora_nodorum	TRAIN_PREDICT:RNASEQ_PREPARE	TRAIN_PREDICT:RNASEQ_PREPARE (Parastagonospora_nodorum)	COMPLETED	0	4758.0	1207.5	3.8	peak_rss	15.959125	1	16	52.0	epyc		2026-09-24 01:18:54.649	2026-09-24 02:54:19.381	2026-09-24 04:14:19.762	annotate_trace.20260924_011757.txt	final
v1.9.0-rc1_container_rust	Tremella_mesenterica_Fries	TRAIN_PREDICT:FUNANNOTATE_PREDICT	TRAIN_PREDICT:FUNANNOTATE_PREDICT (Tremella_mesenterica_Fries)	COMPLETED	0	7774.0	674.5	5.2	peak_rss	14.565452777777779	1	8	32.0	epyc		2026-09-24 01:18:50.541	2026-09-24 02:20:19.182	2026-09-24 04:30:19.770	annotate_trace.20260924_011757.txt	final
v1.9.0-rc1_container_rust	Morchella_importuna	TRAIN_PREDICT:RNASEQ_PREPARE	TRAIN_PREDICT:RNASEQ_PREPARE (Morchella_importuna)	COMPLETED	0	4259.0	1179.7	6.9	peak_rss	13.95650638888889	1	16	52.0	epyc		2026-09-24 01:19:06.690	2026-09-24 03:20:19.589	2026-09-24 04:31:19.769	annotate_trace.20260924_011757.txt	final
v1.9.0-rc1_container_rust	Talaromyces_stipitatus_ATCC_10500	TRAIN_PREDICT:FUNANNOTATE_PREDICT	TRAIN_PREDICT:FUNANNOTATE_PREDICT (Talaromyces_stipitatus_ATCC_10500)	COMPLETED	0	5012.0	627.2	4.6	peak_rss	8.732017777777779	1	8	32.0	epyc		2026-09-24 01:19:12.539	2026-09-24 03:11:19.385	2026-09-24 04:35:19.849	annotate_trace.20260924_011757.txt	final
v1.9.0-rc1_container_rust	Orbilia_oligospora	TRAIN_PREDICT:RNASEQ_PREPARE	TRAIN_PREDICT:RNASEQ_PREPARE (Orbilia_oligospora)	COMPLETED	0	4766.0	1260.5	3.0	peak_rss	16.687619444444444	1	16	52.0	epyc		2026-09-24 01:19:04.583	2026-09-24 03:19:19.547	2026-09-24 04:39:19.779	annotate_trace.20260924_011757.txt	final
v1.9.0-rc1_container_rust	Dactylellina_haptotyla_CBS_200.50	TRAIN_PREDICT:FUNANNOTATE_PREDICT	TRAIN_PREDICT:FUNANNOTATE_PREDICT (Dactylellina_haptotyla_CBS_200.50)	COMPLETED	0	3276.0	632.6	2.4	peak_rss	5.756660000000001	1	8	32.0	epyc		2026-09-24 01:19:24.532	2026-09-24 03:51:19.661	2026-09-24 04:46:19.807	annotate_trace.20260924_011757.txt	final
v1.9.0-rc1_container_rust	Sporobolomyces_salmoneus_JCM6883	TRAIN_PREDICT:FUNANNOTATE_PREDICT	TRAIN_PREDICT:FUNANNOTATE_PREDICT (Sporobolomyces_salmoneus_JCM6883)	COMPLETED	0	3568.0	608.1	3.5	peak_rss	6.026946666666667	1	8	32.0	epyc		2026-09-24 01:19:22.527	2026-09-24 03:47:19.721	2026-09-24 04:47:19.791	annotate_trace.20260924_011757.txt	final
v1.9.0-rc1_container_rust	Synchytrium_microbalum_JEL517	TRAIN_PREDICT:FUNANNOTATE_PREDICT	TRAIN_PREDICT:FUNANNOTATE_PREDICT (Synchytrium_microbalum_JEL517)	COMPLETED	0	2209.0	651.3	4.1	peak_rss	3.9964491666666664	1	8	32.0	epyc		2026-09-24 01:19:30.537	2026-09-24 04:10:19.787	2026-09-24 04:48:19.851	annotate_trace.20260924_011757.txt	final
v1.9.0-rc1_container_rust	Tilletiopsis_washingtonensis	TRAIN_PREDICT:RNASEQ_PREPARE	TRAIN_PREDICT:RNASEQ_PREPARE (Tilletiopsis_washingtonensis)	COMPLETED	0	2504.0	1203.1	1.7	peak_rss	8.368228888888888	1	16	52.0	epyc		2026-09-24 01:19:16.531	2026-09-24 04:13:19.758	2026-09-24 04:55:19.856	annotate_trace.20260924_011757.txt	final
v1.9.0-rc1_container_rust	Pyrenophora_teres	TRAIN_PREDICT:RNASEQ_PREPARE	TRAIN_PREDICT:RNASEQ_PREPARE (Pyrenophora_teres)	COMPLETED	0	1510.0	1151.6	4.4	peak_rss	4.830322222222222	1	16	52.0	epyc		2026-09-24 01:19:26.548	2026-09-24 04:36:19.846	2026-09-24 05:02:19.876	annotate_trace.20260924_011757.txt	final
v1.9.0-rc1_container_rust	Sugiyamaella_lignohabitans_CBS_10342	TRAIN_PREDICT:FUNANNOTATE_PREDICT	TRAIN_PREDICT:FUNANNOTATE_PREDICT (Sugiyamaella_lignohabitans_CBS_10342)	COMPLETED	0	3128.0	645.4	4.5	peak_rss	5.607808888888889	1	8	32.0	epyc		2026-09-24 01:19:32.533	2026-09-24 04:14:19.767	2026-09-24 05:07:19.879	annotate_trace.20260924_011757.txt	final
v1.9.0-rc1_container_rust	Yarrowia_lipolytica	TRAIN_PREDICT:RNASEQ_PREPARE	TRAIN_PREDICT:RNASEQ_PREPARE (Yarrowia_lipolytica)	COMPLETED	0	3429.0	1222.3	1.8	peak_rss	11.6424075	1	16	52.0	epyc		2026-09-24 01:19:20.607	2026-09-24 04:22:19.740	2026-09-24 05:20:19.956	annotate_trace.20260924_011757.txt	final
v1.9.0-rc1_container_rust	Zygosaccharomyces_rouxii	TRAIN_PREDICT:RNASEQ_PREPARE	TRAIN_PREDICT:RNASEQ_PREPARE (Zygosaccharomyces_rouxii)	COMPLETED	0	758.0	1205.4	2.7	peak_rss	2.5380366666666667	1	16	52.0	epyc		2026-09-24 01:19:42.529	2026-09-24 05:07:19.977	2026-09-24 05:20:19.976	annotate_trace.20260924_011757.txt	final
v1.9.0-rc1_container_rust	Wallemia_mellicola_CBS_633.66	TRAIN_PREDICT:FUNANNOTATE_PREDICT	TRAIN_PREDICT:FUNANNOTATE_PREDICT (Wallemia_mellicola_CBS_633.66)	COMPLETED	0	3208.0	681.6	2.7	peak_rss	6.073813333333333	1	8	32.0	epyc		2026-09-24 01:19:38.536	2026-09-24 04:30:19.868	2026-09-24 05:24:19.964	annotate_trace.20260924_011757.txt	final
v1.9.0-rc1_container_rust	Uncinocarpus_reesii_1704	TRAIN_PREDICT:FUNANNOTATE_PREDICT	TRAIN_PREDICT:FUNANNOTATE_PREDICT (Uncinocarpus_reesii_1704)	COMPLETED	0	5012.0	631.0	3.7	peak_rss	8.784922222222221	1	8	32.0	epyc		2026-09-24 01:19:28.525	2026-09-24 04:08:19.747	2026-09-24 05:32:19.939	annotate_trace.20260924_011757.txt	final
v1.9.0-rc1_container_rust	Pyrenophora_tritici-repentis	TRAIN_PREDICT:RNASEQ_PREPARE	TRAIN_PREDICT:RNASEQ_PREPARE (Pyrenophora_tritici-repentis)	COMPLETED	0	4765.0	1266.7	3.7	peak_rss	16.766181944444444	1	16	52.0	epyc		2026-09-24 01:19:14.563	2026-09-24 04:12:19.749	2026-09-24 05:32:19.914	annotate_trace.20260924_011757.txt	final
v1.9.0-rc1_container_rust	Malassezia_sympodialis	TRAIN_PREDICT:RNASEQ_PREPARE	TRAIN_PREDICT:RNASEQ_PREPARE (Malassezia_sympodialis)	COMPLETED	0	1349.0	1196.1	1.1	peak_rss	4.4820525	1	16	52.0	epyc		2026-09-24 01:19:50.542	2026-09-24 05:20:19.980	2026-09-24 05:43:19.965	annotate_trace.20260924_011757.txt	final
v1.9.0-rc1_container_rust	Rhizopus_microsporus_ATCC_52813	TRAIN_PREDICT:FUNANNOTATE_TRAIN	TRAIN_PREDICT:FUNANNOTATE_TRAIN (Rhizopus_microsporus_ATCC_52813)	FAILED	1	1080.0					1	8	48.0	epyc		2026-09-24 01:34:20.371	2026-09-24 05:33:20.085	2026-09-24 05:51:20.047	annotate_trace.20260924_011757.txt	unresolved
v1.9.0-rc1_container_rust	Letharia_columbiana_WasteWater2	TRAIN_PREDICT:FUNANNOTATE_PREDICT	TRAIN_PREDICT:FUNANNOTATE_PREDICT (Letharia_columbiana_WasteWater2)	COMPLETED	0	4085.0	585.1	4.3	peak_rss	6.639259722222222	1	8	32.0	epyc		2026-09-24 01:19:40.544	2026-09-24 04:44:19.856	2026-09-24 05:53:19.993	annotate_trace.20260924_011757.txt	final
v1.9.0-rc1_container_rust	Schizophyllum_commune	TRAIN_PREDICT:RNASEQ_PREPARE	TRAIN_PREDICT:RNASEQ_PREPARE (Schizophyllum_commune)	COMPLETED	0	3715.0	1226.8	2.6	peak_rss	12.659894444444445	1	16	52.0	epyc		2026-09-24 01:19:36.532	2026-09-24 04:55:19.935	2026-09-24 05:57:20.018	annotate_trace.20260924_011757.txt	final
v1.9.0-rc1_container_rust	Aspergillus_fumigatus	TRAIN_PREDICT:RNASEQ_PREPARE	TRAIN_PREDICT:RNASEQ_PREPARE (Aspergillus_fumigatus)	COMPLETED	0	4088.0	1233.3	3.9	peak_rss	14.004806666666669	1	16	52.0	epyc		2026-09-24 01:19:34.564	2026-09-24 04:54:19.929	2026-09-24 06:02:20.003	annotate_trace.20260924_011757.txt	final
v1.9.0-rc1_container_rust	Botrytis_cinerea	TRAIN_PREDICT:RNASEQ_PREPARE	TRAIN_PREDICT:RNASEQ_PREPARE (Botrytis_cinerea)	COMPLETED	0	4353.0	1223.0	2.6	peak_rss	14.788108333333335	1	16	52.0	epyc		2026-09-24 01:19:46.572	2026-09-24 05:18:19.884	2026-09-24 06:31:20.241	annotate_trace.20260924_011757.txt	final
v1.9.0-rc1_container_rust	Blastomyces_dermatitidis_ER-3	TRAIN_PREDICT:FUNANNOTATE_PREDICT	TRAIN_PREDICT:FUNANNOTATE_PREDICT (Blastomyces_dermatitidis_ER-3)	COMPLETED	0	6305.0	633.7	22.3	peak_rss	11.09855138888889	1	8	32.0	epyc		2026-09-24 01:19:48.525	2026-09-24 04:55:19.942	2026-09-24 06:41:20.273	annotate_trace.20260924_011757.txt	final
v1.9.0-rc1_container_rust	Chaetomium_globosum	TRAIN_PREDICT:RNASEQ_PREPARE	TRAIN_PREDICT:RNASEQ_PREPARE (Chaetomium_globosum)	COMPLETED	0	4730.0	1291.8	2.8	peak_rss	16.972816666666667	1	16	52.0	epyc		2026-09-24 01:19:54.539	2026-09-24 05:32:20.031	2026-09-24 06:51:20.338	annotate_trace.20260924_011757.txt	final
v1.9.0-rc1_container_rust	Protomyces_lactucae-debilis	TRAIN_PREDICT:RNASEQ_PREPARE	TRAIN_PREDICT:RNASEQ_PREPARE (Protomyces_lactucae-debilis)	COMPLETED	0	1260.0	1177.6	1.9	peak_rss	4.1216	1	16	52.0	epyc		2026-09-24 01:20:06.537	2026-09-24 06:30:20.289	2026-09-24 06:52:20.280	annotate_trace.20260924_011757.txt	final
v1.9.0-rc1_container_rust	Laccaria_bicolor_S238N-H82	TRAIN_PREDICT:FUNANNOTATE_PREDICT	TRAIN_PREDICT:FUNANNOTATE_PREDICT (Laccaria_bicolor_S238N-H82)	COMPLETED	0	8079.0	620.0	4.9	peak_rss	13.913833333333333	1	8	32.0	epyc		2026-09-24 01:19:44.551	2026-09-24 04:47:19.797	2026-09-24 07:02:20.418	annotate_trace.20260924_011757.txt	final
v1.9.0-rc1_container_rust	Lipomyces_tetrasporus	TRAIN_PREDICT:RNASEQ_PREPARE	TRAIN_PREDICT:RNASEQ_PREPARE (Lipomyces_tetrasporus)	COMPLETED	0	3484.0	1257.4	2.9	peak_rss	12.168837777777778	1	16	52.0	epyc		2026-09-24 01:20:02.533	2026-09-24 06:09:20.136	2026-09-24 07:07:20.492	annotate_trace.20260924_011757.txt	final
v1.9.0-rc1_container_rust	Sclerotinia_sclerotiorum	TRAIN_PREDICT:RNASEQ_PREPARE	TRAIN_PREDICT:RNASEQ_PREPARE (Sclerotinia_sclerotiorum)	COMPLETED	0	5044.0	1213.6	2.8	peak_rss	17.003884444444445	1	16	52.0	epyc		2026-09-24 01:19:56.534	2026-09-24 05:43:20.039	2026-09-24 07:08:20.431	annotate_trace.20260924_011757.txt	final
v1.9.0-rc1_container_rust	Mucor_mucedo	TRAIN_PREDICT:RNASEQ_PREPARE	TRAIN_PREDICT:RNASEQ_PREPARE (Mucor_mucedo)	COMPLETED	0	4689.0	1230.0	2.3	peak_rss	16.02075	1	16	52.0	epyc		2026-09-24 01:19:58.541	2026-09-24 05:57:20.117	2026-09-24 07:16:20.477	annotate_trace.20260924_011757.txt	final
v1.9.0-rc1_container_rust	Gaeumannomyces_tritici	TRAIN_PREDICT:RNASEQ_PREPARE	TRAIN_PREDICT:RNASEQ_PREPARE (Gaeumannomyces_tritici)	COMPLETED	0	4592.0	1259.1	2.6	peak_rss	16.06052	1	16	52.0	epyc		2026-09-24 01:20:00.540	2026-09-24 06:02:20.118	2026-09-24 07:19:20.461	annotate_trace.20260924_011757.txt	final
