cell	genome	status	n_tasks	n_failed	n_aborted	n_superseded	n_unresolved	task_time_hours_sum	wall_clock_hours	cpu_hours_sum	peak_rss_gb_max	rss_field	overhead_task_time_hours_sum	overhead_cpu_hours_sum	attempts	cpus	queues	accession	phylum	genome_size_mb	cpu_hours_per_mb	task_time_hours_per_mb
v1.8.17_conda	-	success	2	0	0	7	0	0.0015		0.0003	0.14	rss	0.0018	0.0005								
v1.8.17_conda	Allomyces_macrogynus_ATCC_38327	success	2	32	0	2	0	1.0931		6.0787	6.7	rss	14.8894	2.1823				GCA_000151295.1	Blastocladiomycota	57.1	0.10646	0.01914
v1.8.17_conda	Aspergillus_fumigatus_Af293	success	2	23	0	2	0	1.8028		5.4026	9.4	rss	16.3783	24.384				GCF_000002655.1	Ascomycota	29.4	0.18376	0.06132
v1.8.17_conda	Batrachochytrium_dendrobatidis_+9_more	success	1	0	0	0	0	0.0001		0.0	0.003	rss	0.0	0.0								
v1.8.17_conda	Batrachochytrium_dendrobatidis_JAM81	success	2	29	0	1	0	1.6039		4.8282	5.0	rss	28.7503	22.5714				GCF_000203795.2	Chytridiomycota	23.8	0.20287	0.06739
v1.8.17_conda	Botrytis_cinerea_B05.10	success	2	0	0	0	0	10.3575		34.2865	11.4	rss	0.0	0.0				GCF_000143535.2	Ascomycota	42.6	0.80485	0.24313
v1.8.17_conda	Chaetomium_globosum_CBS_148.51	success	2	24	0	2	0	1.7681		5.7131	8.7	rss	39.9517	73.049				GCF_000143365.1	Ascomycota	34.3	0.16656	0.05155
v1.8.17_conda	Cryptococcus_deneoformans_JEC21	success	1	0	0	0	0	9.2519		22.4545	5.8	rss	0.0	0.0				GCF_000091045.1	Basidiomycota	19.1	1.17563	0.48439
v1.8.17_conda	Cryptococcus_neoformans_H99	success	2	29	0	0	0	1.7728		4.8076	8.0	rss	14.367	0.0				GCF_000149245.1	Basidiomycota	18.9	0.25437	0.0938
v1.8.17_conda	Fusarium_verticillioides_7600	success	2	0	0	0	0	7.9408		30.1758	13.4	rss	0.0	0.0				GCF_000149555.1	Ascomycota	41.8	0.72191	0.18997
v1.8.17_conda	Kluyveromyces_lactis_NRRL_Y-1140	success	1	0	0	0	0	2.2006		8.8638	2.8	rss	0.0	0.0				GCF_000002515.2	Ascomycota	10.7	0.8284	0.20566
v1.8.17_conda	Leptographium_clavigerum_+9_more	success	1	0	0	0	0	0.0001		0.0	0.003	rss	0.0	0.0								
v1.8.17_conda	Malassezia_globosa	failed	1	12	0	0	1	0.0029		0.0007	0.045	rss	0.6	0.0								
v1.8.17_conda	Malassezia_globosa_CBS_7966	success	2	29	0	3	0	3.3086		9.1739	4.2	rss	11.5051	1.7423				GCF_000181695.2	Basidiomycota	9.0	1.01932	0.36762
v1.8.17_conda	Malassezia_sympodialis_+9_more	success	1	0	0	0	0	0.0001		0.0	0.003	rss	0.0	0.0								
v1.8.17_conda	Malassezia_sympodialis_ATCC_42132	success	1	0	0	0	0	1.9022		10.9777	3.6	rss	0.0	0.0				GCF_000349305.1	Basidiomycota	7.7	1.42568	0.24704
v1.8.17_conda	Mucor_mucedo_NRRL_3635	success	1	0	0	0	0	6.0894		28.0602	5.5	rss	0.0	0.0				GCF_025094135.1	Mucoromycota	46.1	0.60868	0.13209
v1.8.17_conda	Nakaseomyces_glabratus_+9_more	success	1	0	0	0	0	0.0001		0.0	0.003	rss	0.0	0.0								
v1.8.17_conda	Nakaseomyces_glabratus_CBS_138	success	1	0	0	0	0	2.7919		14.1942	3.4	rss	0.0	0.0				GCF_000002545.3	Ascomycota	12.3	1.154	0.22699
v1.8.17_conda	Orbilia_oligospora_ATCC_24927	success	1	0	0	0	0	6.5319		33.3652	8.7	rss	0.0	0.0				GCF_000225545.1	Ascomycota	40.1	0.83205	0.16289
v1.8.17_conda	Pneumocystis_murina_+9_more	success	1	0	0	0	0	0.0002		0.0	0.003	rss	0.0	0.0								
v1.8.17_conda	Pneumocystis_murina_B123	success	1	0	0	0	0	0.5		2.541	3.5	rss	0.0	0.0				GCF_000349005.2	Ascomycota	7.5	0.3388	0.06667
v1.8.17_conda	Rhizopus_microsporus_ATCC_52813	success	1	0	0	0	0	0.3469		1.5064	3.4	rss	0.0	0.0				GCF_002708625.1	Mucoromycota	26.0	0.05794	0.01334
v1.8.17_conda	Rhodotorula_toruloides_NP11	success	2	0	0	0	0	5.5922		12.4379	4.5	rss	0.0	0.0				GCF_000320785.1	Basidiomycota	20.2	0.61574	0.27684
v1.8.17_conda	Saccharomyces_cerevisiae_S288C	success	2	25	0	1	0	0.6561		2.5145	2.8	rss	25.2867	10.5681				GCF_000146045.2	Ascomycota	12.1	0.20781	0.05422
v1.8.17_conda	Schizophyllum_commune_H4-8	success	2	0	0	0	0	9.4603		24.347	14.0	rss	0.0	0.0				GCF_000143185.2	Basidiomycota	38.7	0.62912	0.24445
v1.8.17_conda	Sclerotinia_sclerotiorum_1980	success	1	0	0	0	0	5.3533		25.6103	3.5	rss	0.0	0.0				GCF_000146945.2	Ascomycota	38.3	0.66868	0.13977
v1.8.17_conda	Spizellomyces_punctatus_+1_more	success	1	0	0	0	0	0.0001		0.0	0.003	rss	0.0	0.0								
v1.8.17_conda	Spizellomyces_punctatus_+9_more	success	1	0	0	0	0	0.0001		0.0	0.003	rss	0.0	0.0								
v1.8.17_conda	Spizellomyces_punctatus_DAOM_BR117	success	1	0	0	0	0	0.0098		0.0043	0.103	rss	0.0	0.0				GCF_000182565.1	Chytridiomycota	24.1	0.00018	0.00041
v1.8.17_conda	Talaromyces_marneffei_ATCC_18224	success	1	0	0	0	0	5.9625		29.574	10.0	rss	0.0	0.0				GCF_000001985.1	Ascomycota	28.6	1.03406	0.20848
v1.8.17_conda	Tilletiaria_anomala_UBC_951	success	1	0	0	0	0	7.1525		16.6439	2.2	rss	0.0	0.0				GCF_000711695.1	Basidiomycota	18.7	0.89005	0.38249
v1.8.17_conda	Tilletiopsis_washingtonensis_MCA_4186	success	2	0	0	0	0	6.8239		16.4181	4.9	rss	0.0	0.0				GCF_003144115.1	Basidiomycota	18.8	0.8733	0.36297
v1.8.17_conda	Trichosporon_asahii_+9_more	success	1	0	0	0	0	0.0002		0.0	0.003	rss	0.0	0.0								
v1.8.17_conda	Umbelopsis_ramanniana_AG	success	2	29	0	1	0	0.9639		3.2556	4.1	rss	22.0661	22.2936				GCF_025399195.1	Mucoromycota	23.1	0.14094	0.04173
v1.8.17_conda	Wallemia_mellicola_+4_more	success	1	0	0	0	0	0.0001		0.0	0.003	rss	0.0	0.0								
v1.8.17_conda	Yarrowia_lipolytica_CLIB122	success	2	0	0	1	0	4.1706		22.0892	5.4	rss	9.5197	24.4562				GCF_000002525.2	Ascomycota	20.5	1.07752	0.20344
v1.8.17_conda	Zygosaccharomyces_rouxii_CBS_732	success	2	0	0	0	0	1.8756		7.5232	4.3	rss	0.0	0.0				GCF_000026365.1	Ascomycota	9.8	0.76767	0.19138
v1.9.0-beta12_container	-	success	4	0	0	2	0	0.0016		0.0007	0.145	rss	0.0	0.0								
v1.9.0-beta12_container	Allomyces_macrogynus	success	1	0	0	0	0	1.0314		12.0538	2.1	rss	0.0	0.0								
v1.9.0-beta12_container	Allomyces_macrogynus_ATCC_38327	success	3	0	0	0	0	1.9178		8.6278	9.9	rss	0.0	0.0				GCA_000151295.1	Blastocladiomycota	57.1	0.1511	0.03359
v1.9.0-beta12_container	Aspergillus_fumigatus	success	1	0	0	0	0	0.7925		9.0519	3.1	rss	0.0	0.0								
v1.9.0-beta12_container	Aspergillus_fumigatus_Af293	success	3	0	0	0	0	1.215		4.8545	19.9	rss	0.0	0.0				GCF_000002655.1	Ascomycota	29.4	0.16512	0.04133
v1.9.0-beta12_container	Batrachochytrium_dendrobatidis	success	1	0	0	0	0	1.1469		13.8127	11.0	rss	0.0	0.0								
v1.9.0-beta12_container	Batrachochytrium_dendrobatidis_JAM81	success	3	0	0	0	0	1.3194		5.7138	4.8	rss	0.0	0.0				GCF_000203795.2	Chytridiomycota	23.8	0.24008	0.05544
v1.9.0-beta12_container	Botrytis_cinerea	success	1	0	0	0	0	0.9811		12.4788	2.4	rss	0.0	0.0								
v1.9.0-beta12_container	Botrytis_cinerea_B05.10	success	3	0	0	0	0	1.4876		6.4598	10.8	rss	0.0	0.0				GCF_000143535.2	Ascomycota	42.6	0.15164	0.03492
v1.9.0-beta12_container	Chaetomium_globosum	success	1	0	0	0	0	0.0		0.0	0.0		0.0	0.0								
v1.9.0-beta12_container	Chaetomium_globosum_CBS_148.51	success	3	0	0	1	0	4.0556		21.3701	16.2	rss	0.8194	5.074				GCF_000143365.1	Ascomycota	34.3	0.62304	0.11824
v1.9.0-beta12_container	Cryptococcus_neoformans	success	1	0	0	0	0	0.6244		7.8549	2.1	rss	0.0	0.0								
v1.9.0-beta12_container	Cryptococcus_neoformans_H99	success	3	0	0	0	0	1.4219		4.4642	7.2	rss	0.0	0.0				GCF_000149245.1	Basidiomycota	18.9	0.2362	0.07523
v1.9.0-beta12_container	Fusarium_verticillioides	success	1	0	0	0	0	1.1214		13.8604	3.5	rss	0.0	0.0								
v1.9.0-beta12_container	Fusarium_verticillioides_7600	success	3	0	0	0	0	1.9825		8.0178	8.8	rss	0.0	0.0				GCF_000149555.1	Ascomycota	41.8	0.19181	0.04743
v1.9.0-beta12_container	Malassezia_globosa	success	1	0	0	0	0	0.2897		3.4958	1.5	rss	0.0	0.0								
v1.9.0-beta12_container	Malassezia_globosa_CBS_7966	success	3	0	0	0	0	0.6468		2.1681	2.6	rss	0.0	0.0				GCF_000181695.2	Basidiomycota	9.0	0.24089	0.07187
v1.9.0-beta12_container	Pneumocystis_murina_B123	success	2	0	0	0	0	0.7282		4.6588	2.9	rss	0.0	0.0				GCF_000349005.2	Ascomycota	7.5	0.62117	0.09709
v1.9.0-beta12_container	Rhodotorula_toruloides_NP11	success	2	0	0	0	0	1.1292		6.9963	4.0	rss	0.0	0.0				GCF_000320785.1	Basidiomycota	20.2	0.34635	0.0559
v1.9.0-beta12_container	Saccharomyces_cerevisiae	success	1	0	0	0	0	0.2903		3.6537	1.7	rss	0.0	0.0								
v1.9.0-beta12_container	Saccharomyces_cerevisiae_S288C	success	3	0	0	0	0	0.5195		2.0274	3.3	rss	0.0	0.0				GCF_000146045.2	Ascomycota	12.1	0.16755	0.04294
v1.9.0-beta12_container	Schizophyllum_commune	success	1	0	0	0	0	0.7325		9.2808	2.6	rss	0.0	0.0								
v1.9.0-beta12_container	Schizophyllum_commune_H4-8	success	3	0	0	0	0	1.0154		4.9742	6.5	rss	0.0	0.0				GCF_000143185.2	Basidiomycota	38.7	0.12853	0.02624
v1.9.0-beta12_container	Tilletiopsis_washingtonensis	success	1	0	0	0	0	0.0028		0.0174	0.176	rss	0.0	0.0								
v1.9.0-beta12_container	Tilletiopsis_washingtonensis_MCA_4186	success	3	0	0	0	0	2.3817		11.4738	4.3	rss	0.0	0.0				GCF_003144115.1	Basidiomycota	18.8	0.61031	0.12669
v1.9.0-beta12_container	Umbelopsis_ramanniana	success	1	0	0	0	0	0.7589		9.6182	2.0	rss	0.0	0.0								
v1.9.0-beta12_container	Umbelopsis_ramanniana_AG	success	3	0	0	0	0	0.9038		3.595	3.7	rss	0.0	0.0				GCF_025399195.1	Mucoromycota	23.1	0.15563	0.03912
v1.9.0-beta12_container	Yarrowia_lipolytica	success	1	0	0	0	0	0.7461		9.3495	1.7	rss	0.0	0.0								
v1.9.0-beta12_container	Yarrowia_lipolytica_CLIB122	success	3	0	0	0	0	0.7076		2.7466	3.8	rss	0.0	0.0				GCF_000002525.2	Ascomycota	20.5	0.13398	0.03452
v1.9.0-beta12_container	Zygosaccharomyces_rouxii	success	1	0	0	0	0	0.2247		2.6789	2.6	rss	0.0	0.0								
v1.9.0-beta12_container	Zygosaccharomyces_rouxii_CBS_732	success	3	0	0	0	0	0.4479		1.6533	3.5	rss	0.0	0.0				GCF_000026365.1	Ascomycota	9.8	0.1687	0.04571
v1.9.0-beta12_container_rust	-	success	4	0	0	2	0	0.0018		0.0007	0.029	rss	0.0	0.0								
v1.9.0-beta12_container_rust	Allomyces_macrogynus	success	1	0	0	0	0	1.0161		13.0011	2.3	rss	0.0	0.0								
v1.9.0-beta12_container_rust	Allomyces_macrogynus_ATCC_38327	success	3	0	0	0	0	1.4941		6.8292	9.4	rss	0.0	0.0				GCA_000151295.1	Blastocladiomycota	57.1	0.1196	0.02617
v1.9.0-beta12_container_rust	Aspergillus_fumigatus	success	1	0	0	0	0	0.8658		10.9658	3.6	rss	0.0	0.0								
v1.9.0-beta12_container_rust	Aspergillus_fumigatus_Af293	success	3	0	0	0	0	1.2281		4.7728	3.7	rss	0.0	0.0				GCF_000002655.1	Ascomycota	29.4	0.16234	0.04177
v1.9.0-beta12_container_rust	Batrachochytrium_dendrobatidis	success	1	0	0	0	0	0.9856		12.2071	11.1	rss	0.0	0.0								
v1.9.0-beta12_container_rust	Batrachochytrium_dendrobatidis_JAM81	success	3	0	0	0	0	0.8236		3.0409	4.3	rss	0.0	0.0				GCF_000203795.2	Chytridiomycota	23.8	0.12777	0.03461
v1.9.0-beta12_container_rust	Botrytis_cinerea	success	1	0	0	0	0	1.1864		13.8452	2.5	rss	0.0	0.0								
v1.9.0-beta12_container_rust	Botrytis_cinerea_B05.10	success	3	0	0	0	0	1.5426		5.8246	3.9	rss	0.0	0.0				GCF_000143535.2	Ascomycota	42.6	0.13673	0.03621
v1.9.0-beta12_container_rust	Chaetomium_globosum	success	1	0	0	0	0	0.0		0.0	0.003	rss	0.0	0.0								
v1.9.0-beta12_container_rust	Chaetomium_globosum_CBS_148.51	success	3	0	0	2	0	3.2753		16.5316	2.9	rss	1.0564	5.6035				GCF_000143365.1	Ascomycota	34.3	0.48197	0.09549
v1.9.0-beta12_container_rust	Cryptococcus_neoformans	success	1	0	0	0	0	0.6931		8.3971	2.2	rss	0.0	0.0								
v1.9.0-beta12_container_rust	Cryptococcus_neoformans_H99	success	3	0	0	0	0	0.9273		2.9119	3.9	rss	0.0	0.0				GCF_000149245.1	Basidiomycota	18.9	0.15407	0.04906
v1.9.0-beta12_container_rust	Fusarium_verticillioides	success	1	0	0	0	0	1.0383		11.9118	3.5	rss	0.0	0.0								
v1.9.0-beta12_container_rust	Fusarium_verticillioides_7600	success	3	0	0	0	0	1.1407		4.5198	9.6	rss	0.0	0.0				GCF_000149555.1	Ascomycota	41.8	0.10813	0.02729
v1.9.0-beta12_container_rust	Malassezia_globosa	success	1	0	0	0	0	0.2544		3.2271	1.6	rss	0.0	0.0								
v1.9.0-beta12_container_rust	Malassezia_globosa_CBS_7966	success	3	0	0	0	0	0.4763		1.4378	2.4	rss	0.0	0.0				GCF_000181695.2	Basidiomycota	9.0	0.15976	0.05292
v1.9.0-beta12_container_rust	Pneumocystis_murina_B123	success	2	0	0	0	0	0.84		5.4613	2.8	rss	0.0	0.0				GCF_000349005.2	Ascomycota	7.5	0.72817	0.112
v1.9.0-beta12_container_rust	Rhodotorula_toruloides_NP11	success	2	0	0	0	0	0.8276		5.1762	4.0	rss	0.0	0.0				GCF_000320785.1	Basidiomycota	20.2	0.25625	0.04097
v1.9.0-beta12_container_rust	Saccharomyces_cerevisiae	success	1	0	0	0	0	0.3594		4.3457	1.7	rss	0.0	0.0								
v1.9.0-beta12_container_rust	Saccharomyces_cerevisiae_S288C	success	3	0	0	0	0	0.5415		2.0661	3.2	rss	0.0	0.0				GCF_000146045.2	Ascomycota	12.1	0.17075	0.04475
v1.9.0-beta12_container_rust	Schizophyllum_commune	success	1	0	0	0	0	0.75		9.4485	2.6	rss	0.0	0.0								
v1.9.0-beta12_container_rust	Schizophyllum_commune_H4-8	success	3	0	0	0	0	0.6381		2.8889	4.3	rss	0.0	0.0				GCF_000143185.2	Basidiomycota	38.7	0.07465	0.01649
v1.9.0-beta12_container_rust	Tilletiopsis_washingtonensis	success	1	0	0	0	0	0.6083		7.1309	1.7	rss	0.0	0.0								
v1.9.0-beta12_container_rust	Tilletiopsis_washingtonensis_MCA_4186	success	3	0	0	0	0	0.93		3.1222	4.2	rss	0.0	0.0				GCF_003144115.1	Basidiomycota	18.8	0.16607	0.04947
v1.9.0-beta12_container_rust	Umbelopsis_ramanniana	success	1	0	0	0	0	0.6456		8.0404	2.2	rss	0.0	0.0								
v1.9.0-beta12_container_rust	Umbelopsis_ramanniana_AG	success	3	0	0	0	0	0.7569		2.8712	3.0	rss	0.0	0.0				GCF_025399195.1	Mucoromycota	23.1	0.12429	0.03277
v1.9.0-beta12_container_rust	Yarrowia_lipolytica	success	1	0	0	0	0	0.9789		11.7114	1.7	rss	0.0	0.0								
v1.9.0-beta12_container_rust	Yarrowia_lipolytica_CLIB122	success	3	0	0	0	0	0.5184		2.1469	3.7	rss	0.0	0.0				GCF_000002525.2	Ascomycota	20.5	0.10473	0.02529
v1.9.0-beta12_container_rust	Zygosaccharomyces_rouxii	success	1	0	0	0	0	0.2106		2.6284	2.6	rss	0.0	0.0								
v1.9.0-beta12_container_rust	Zygosaccharomyces_rouxii_CBS_732	success	3	0	0	0	0	0.3752		1.384	3.5	rss	0.0	0.0				GCF_000026365.1	Ascomycota	9.8	0.14122	0.03829
v1.9.0-rc1_conda	-	success	4	0	0	0	0	0.0256		0.0232	0.133	rss	0.0	0.0								
v1.9.0-rc1_conda	Allomyces_macrogynus	success	1	0	0	0	0	0.0194		0.1603	2.2	rss	0.0	0.0								
v1.9.0-rc1_conda	Allomyces_macrogynus_ATCC_38327	success	3	0	0	0	0	7.112		35.5608	3.3	rss	0.0	0.0				GCA_000151295.1	Blastocladiomycota	57.1	0.62278	0.12455
v1.9.0-rc1_conda	Aspergillus_clavatus_NRRL_1	success	2	0	0	0	0	1.5859		10.2153	10.6	rss	0.0	0.0				GCF_000002715.2	Ascomycota	27.9	0.36614	0.05684
v1.9.0-rc1_conda	Aspergillus_fumigatus	success	1	0	0	0	0	0.02		0.241	2.4	rss	0.0	0.0								
v1.9.0-rc1_conda	Aspergillus_fumigatus_Af293	success	3	0	0	0	0	11.0978		25.2907	12.7	rss	0.0	0.0				GCF_000002655.1	Ascomycota	29.4	0.86023	0.37748
v1.9.0-rc1_conda	Batrachochytrium_dendrobatidis	success	1	0	0	0	0	0.1586		2.0659	6.7	rss	0.0	0.0								
v1.9.0-rc1_conda	Batrachochytrium_dendrobatidis_JAM81	success	3	0	0	0	0	9.3759		30.21	6.3	rss	0.0	0.0				GCF_000203795.2	Chytridiomycota	23.8	1.26933	0.39394
v1.9.0-rc1_conda	Blastomyces_dermatitidis_ER-3	success	2	0	0	0	0	2.6365		11.6136	19.9	rss	0.0	0.0				GCF_000003525.1	Ascomycota	66.6	0.17438	0.03959
v1.9.0-rc1_conda	Botrytis_cinerea	success	1	0	0	0	0	0.0233		0.2592	2.5	rss	0.0	0.0								
v1.9.0-rc1_conda	Botrytis_cinerea_B05.10	success	3	0	0	0	0	6.639		37.7624	13.7	rss	0.0	0.0				GCF_000143535.2	Ascomycota	42.6	0.88644	0.15585
v1.9.0-rc1_conda	Chaetomium_globosum	success	1	0	0	0	0	0.0428		0.5224	2.7	rss	0.0	0.0								
v1.9.0-rc1_conda	Chaetomium_globosum_CBS_148.51	success	3	1	0	0	0	1.7884		7.5247	13.4	rss	0.55	0.0				GCF_000143365.1	Ascomycota	34.3	0.21938	0.05214
v1.9.0-rc1_conda	Cokeromyces_recurvatus	success	1	0	0	0	0	0.0347		0.3696	2.2	rss	0.0	0.0								
v1.9.0-rc1_conda	Cokeromyces_recurvatus_NRRL_2243	success	3	0	0	0	0	9.1723		30.8761	6.4	rss	0.0	0.0				GCF_025118155.1	Mucoromycota	28.1	1.0988	0.32642
v1.9.0-rc1_conda	Colletotrichum_graminicola	success	1	0	0	0	0	0.0442		0.469	3.2	rss	0.0	0.0								
v1.9.0-rc1_conda	Colletotrichum_graminicola_M1.001	success	3	0	0	0	0	8.6251		41.3834	5.5	rss	0.0	0.0				GCF_000149035.1	Ascomycota	51.6	0.802	0.16715
v1.9.0-rc1_conda	Cryptococcus_deneoformans	success	1	0	0	0	0	0.0269		0.3377	3.1	rss	0.0	0.0								
v1.9.0-rc1_conda	Cryptococcus_deneoformans_JEC21	success	3	0	0	0	0	10.2119		24.0517	5.7	rss	0.0	0.0				GCF_000091045.1	Basidiomycota	19.1	1.25925	0.53465
v1.9.0-rc1_conda	Cryptococcus_neoformans	success	1	0	0	0	0	0.0211		0.2512	2.2	rss	0.0	0.0								
v1.9.0-rc1_conda	Cryptococcus_neoformans_H99	success	3	0	0	0	0	5.0429		19.3039	9.0	rss	0.0	0.0				GCF_000149245.1	Basidiomycota	18.9	1.02137	0.26682
v1.9.0-rc1_conda	Cystobasidium_minutum_MCA_4210	success	2	0	0	0	0	1.2078		5.7753	15.0	rss	0.0	0.0				GCF_039999085.1	Basidiomycota	20.8	0.27766	0.05807
v1.9.0-rc1_conda	Dactylellina_haptotyla_CBS_200.50	success	2	0	0	0	0	1.1409		5.363	2.4	rss	0.0	0.0				GCF_000441935.1	Ascomycota	39.5	0.13577	0.02888
v1.9.0-rc1_conda	Drepanopeziza_brunnea	success	1	0	0	0	0	0.0289		0.396	2.9	rss	0.0	0.0								
v1.9.0-rc1_conda	Drepanopeziza_brunnea_MB_m1	success	3	1	0	0	0	0.6016		3.6242	8.1	rss	0.55	0.0				GCF_000298775.1	Ascomycota	51.9	0.06983	0.01159
v1.9.0-rc1_conda	Eremothecium_gossypii_ATCC_10895	success	2	0	0	0	0	3.356		9.8776	3.9	rss	0.0	0.0				GCF_000091025.4	Ascomycota	9.1	1.08545	0.36879
v1.9.0-rc1_conda	Fusarium_oxysporum	success	1	0	0	0	0	0.0864		1.0533	5.6	rss	0.0	0.0								
v1.9.0-rc1_conda	Fusarium_oxysporum_4287	success	3	1	0	0	0	0.9714		5.4999	7.2	rss	0.55	0.0				GCF_000149955.1	Ascomycota	61.4	0.08957	0.01582
v1.9.0-rc1_conda	Fusarium_verticillioides	success	1	0	0	0	0	0.0339		0.414	3.5	rss	0.0	0.0								
v1.9.0-rc1_conda	Fusarium_verticillioides_7600	success	3	0	0	0	0	7.5636		38.6591	14.3	rss	0.0	0.0				GCF_000149555.1	Ascomycota	41.8	0.92486	0.18095
v1.9.0-rc1_conda	Gaeumannomyces_tritici	success	1	0	0	0	0	0.0208		0.2857	2.6	rss	0.0	0.0								
v1.9.0-rc1_conda	Gaeumannomyces_tritici_R3-111a-1	success	3	0	0	0	0	7.0667		38.4796	4.6	rss	0.0	0.0				GCF_000145635.1	Ascomycota	43.6	0.88256	0.16208
v1.9.0-rc1_conda	Kluyveromyces_lactis	success	1	0	0	0	0	0.0114		0.1407	1.2	rss	0.0	0.0								
v1.9.0-rc1_conda	Kluyveromyces_lactis_NRRL_Y-1140	success	3	0	0	0	0	2.5298		7.9221	7.5	rss	0.0	0.0				GCF_000002515.2	Ascomycota	10.7	0.74039	0.23643
v1.9.0-rc1_conda	Laccaria_bicolor_S238N-H82	success	2	0	0	0	0	3.0462		14.461	4.6	rss	0.0	0.0				GCF_000143565.1	Basidiomycota	64.9	0.22282	0.04694
v1.9.0-rc1_conda	Lachancea_thermotolerans	success	1	0	0	0	0	0.0086		0.1015	1.1	rss	0.0	0.0								
v1.9.0-rc1_conda	Lachancea_thermotolerans_CBS_6340	success	3	1	0	0	0	0.3507		1.9275	5.0	rss	0.55	0.0				GCF_000142805.1	Ascomycota	10.4	0.18534	0.03372
v1.9.0-rc1_conda	Leptographium_clavigerum_kw1407	success	2	0	0	0	0	1.8354		11.2705	5.6	rss	0.0	0.0				GCF_000143105.1	Ascomycota	29.8	0.37821	0.06159
v1.9.0-rc1_conda	Letharia_columbiana_WasteWater2	success	2	0	0	0	0	1.125		6.0264	2.5	rss	0.0	0.0				GCF_014066305.1	Ascomycota	52.3	0.11523	0.02151
v1.9.0-rc1_conda	Lipomyces_tetrasporus	success	1	0	0	0	0	0.0406		0.5005	2.9	rss	0.0	0.0								
v1.9.0-rc1_conda	Lipomyces_tetrasporus_NRRL_Y-64009	success	3	1	0	0	0	1.2282		4.1391	8.1	rss	0.55	0.0				GCF_029532465.1	Ascomycota	20.8	0.199	0.05905
v1.9.0-rc1_conda	Malassezia_globosa	success	1	0	0	0	0	0.0098		0.1179	1.5	rss	0.0	0.0								
v1.9.0-rc1_conda	Malassezia_globosa_CBS_7966	success	3	0	0	0	0	3.7513		10.1244	6.0	rss	0.0	0.0				GCF_000181695.2	Basidiomycota	9.0	1.12493	0.41681
v1.9.0-rc1_conda	Malassezia_sympodialis	success	1	0	0	0	0	0.0124		0.1081	0.755	rss	0.0	0.0								
v1.9.0-rc1_conda	Malassezia_sympodialis_ATCC_42132	success	3	0	0	0	0	1.6344		8.6166	2.7	rss	0.0	0.0				GCF_000349305.1	Basidiomycota	7.7	1.11904	0.21225
v1.9.0-rc1_conda	Mixia_osmundae_IAM_14324	success	2	0	0	0	0	1.5007		4.992	3.6	rss	0.0	0.0				GCF_000708205.1	Basidiomycota	13.6	0.36706	0.11035
v1.9.0-rc1_conda	Morchella_importuna	success	1	0	0	0	0	0.0653		0.9023	6.7	rss	0.0	0.0								
v1.9.0-rc1_conda	Morchella_importuna_M04M26	success	2	2	0	0	0	3.6496		19.669	9.6	rss,peak_rss	0.1364	0.0	1	8	epyc	GCF_003444635.1	Ascomycota	50.9	0.38642	0.0717
v1.9.0-rc1_conda	Morchella_sextelata	success	1	0	0	0	0	0.0603		0.7441	4.2	rss	0.0	0.0								
v1.9.0-rc1_conda	Morchella_sextelata_SCLS	success	3	0	0	0	0	9.6043		57.7863	23.9	rss	0.0	0.0				GCF_020137385.1	Ascomycota	53.6	1.0781	0.17919
v1.9.0-rc1_conda	Mucor_mucedo	success	1	0	0	0	0	0.0211		0.2251	2.3	rss	0.0	0.0								
v1.9.0-rc1_conda	Mucor_mucedo_NRRL_3635	success	3	0	0	0	0	11.2469		32.0009	4.4	rss	0.0	0.0				GCF_025094135.1	Mucoromycota	46.1	0.69416	0.24397
v1.9.0-rc1_conda	Nakaseomyces_glabratus_CBS_138	success	2	0	0	0	0	1.0184		4.9976	5.6	rss	0.0	0.0				GCF_000002545.3	Ascomycota	12.3	0.40631	0.0828
v1.9.0-rc1_conda	Orbilia_oligospora	success	1	0	0	0	0	0.0217		0.2818	2.8	rss	0.0	0.0								
v1.9.0-rc1_conda	Orbilia_oligospora_ATCC_24927	success	3	0	0	0	0	17.5322		36.1457	9.8	rss	0.0	0.0				GCF_000225545.1	Ascomycota	40.1	0.90139	0.43721
v1.9.0-rc1_conda	Parastagonospora_nodorum	success	1	0	0	0	0	0.0297		0.3849	3.9	rss	0.0	0.0								
v1.9.0-rc1_conda	Parastagonospora_nodorum_SN15	success	3	0	0	0	0	16.6934		33.627	4.3	rss	0.0	0.0				GCF_000146915.1	Ascomycota	37.2	0.90395	0.44875
v1.9.0-rc1_conda	Phycomyces_blakesleeanus	success	1	0	0	0	0	0.0247		0.2933	2.9	rss	0.0	0.0								
v1.9.0-rc1_conda	Phycomyces_blakesleeanus_NRRL_1555_-	success	3	0	0	0	0	17.3724		50.3114	12.5	rss	0.0	0.0				GCF_001638985.1	Mucoromycota	53.9	0.93342	0.32231
v1.9.0-rc1_conda	Pneumocystis_murina_B123	success	2	0	0	0	0	1.1692		3.813	1.9	rss	0.0	0.0				GCF_000349005.2	Ascomycota	7.5	0.5084	0.15589
v1.9.0-rc1_conda	Protomyces_lactucae-debilis	success	1	0	0	0	0	0.0222		0.2568	1.4	rss	0.0	0.0								
v1.9.0-rc1_conda	Protomyces_lactucae-debilis_12-1054	success	3	0	0	0	0	2.1268		10.2824	6.0	rss	0.0	0.0				GCF_002105105.1	Ascomycota	12.9	0.79709	0.16487
v1.9.0-rc1_conda	Pseudogymnoascus_destructans	success	1	0	0	0	0	0.0242		0.3228	2.9	rss	0.0	0.0								
v1.9.0-rc1_conda	Pseudogymnoascus_destructans_20631-21	success	3	0	0	0	0	8.2616		27.2385	5.3	rss	0.0	0.0				GCF_000184105.1	Ascomycota	30.7	0.88725	0.26911
v1.9.0-rc1_conda	Pyrenophora_teres	success	1	0	0	0	0	0.0433		0.5467	4.3	rss	0.0	0.0								
v1.9.0-rc1_conda	Pyrenophora_teres_0-1	success	3	1	0	0	0	1.0356		3.7213	1.2	rss	0.55	0.0				GCF_000166005.1	Ascomycota	33.6	0.11075	0.03082
v1.9.0-rc1_conda	Pyrenophora_tritici-repentis	success	1	0	0	0	0	0.025		0.3018	3.5	rss	0.0	0.0								
v1.9.0-rc1_conda	Pyrenophora_tritici-repentis_Pt-1C-BFP	success	3	0	0	0	0	14.4447		35.3556	12.1	rss	0.0	0.0				GCF_000149985.1	Ascomycota	37.8	0.93533	0.38213
v1.9.0-rc1_conda	Pyricularia_oryzae_70-15	success	2	0	0	0	0	1.6899		10.0595	7.0	rss	0.0	0.0				GCF_000002495.2	Ascomycota	41.0	0.24535	0.04122
v1.9.0-rc1_conda	Rhizopus_delemar	success	1	0	0	0	0	0.0264		0.3129	3.2	rss	0.0	0.0								
v1.9.0-rc1_conda	Rhizopus_delemar_RA_99-880	success	3	0	0	0	0	26.0156		54.4737	15.7	rss	0.0	0.0				GCF_000149305.1	Mucoromycota	46.1	1.18164	0.56433
v1.9.0-rc1_conda	Rhizopus_microsporus	success	1	0	0	0	0	0.2406		2.0447	6.6	rss	0.0	0.0								
v1.9.0-rc1_conda	Rhizopus_microsporus_ATCC_52813	failed	1	5	0	0	1	0.0031		0.0033	0.064	rss	0.8	0.0				GCF_002708625.1	Mucoromycota	26.0	0.00013	0.00012
v1.9.0-rc1_conda	Rhodotorula_graminis_WP1	success	2	0	0	0	0	1.201		6.729	8.5	rss	0.0	0.0				GCF_001329695.1	Basidiomycota	21.0	0.32043	0.05719
v1.9.0-rc1_conda	Rhodotorula_toruloides_NP11	success	2	0	0	0	0	1.0599		5.9691	4.2	rss	0.0	0.0				GCF_000320785.1	Basidiomycota	20.2	0.2955	0.05247
v1.9.0-rc1_conda	Saccharomyces_cerevisiae	success	1	0	0	0	0	0.0131		0.166	1.8	rss	0.0	0.0								
v1.9.0-rc1_conda	Saccharomyces_cerevisiae_S288C	success	3	1	0	0	0	0.4446		2.5928	3.5	rss	0.55	0.0				GCF_000146045.2	Ascomycota	12.1	0.21428	0.03675
v1.9.0-rc1_conda	Schizophyllum_commune	success	1	0	0	0	0	0.0286		0.327	2.6	rss	0.0	0.0								
v1.9.0-rc1_conda	Schizophyllum_commune_H4-8	success	3	2	0	0	0	5.6022		70.0885	16.4	rss	0.0667	0.0				GCF_000143185.2	Basidiomycota	38.7	1.81107	0.14476
v1.9.0-rc1_conda	Sclerotinia_sclerotiorum	success	1	0	0	0	0	0.0194		0.2579	2.8	rss	0.0	0.0								
v1.9.0-rc1_conda	Sclerotinia_sclerotiorum_1980	success	3	1	0	0	0	2.2341		6.4495	3.9	rss	0.5667	0.0				GCF_000146945.2	Ascomycota	38.3	0.1684	0.05833
v1.9.0-rc1_conda	Spizellomyces_punctatus_DAOM_BR117	success	2	0	0	0	0	0.7317		3.7025	6.5	rss	0.0	0.0				GCF_000182565.1	Chytridiomycota	24.1	0.15363	0.03036
v1.9.0-rc1_conda	Sporobolomyces_koalae_JCM15063	success	2	0	0	0	0	1.1966		7.1083	2.7	rss	0.0	0.0				GCF_050403365.1	Basidiomycota	18.3	0.38843	0.06539
v1.9.0-rc1_conda	Sporobolomyces_salmoneus_JCM6883	success	2	0	0	0	0	0.9883		5.1792	2.2	rss	0.0	0.0				GCF_050403485.1	Basidiomycota	20.3	0.25513	0.04869
v1.9.0-rc1_conda	Sugiyamaella_lignohabitans_CBS_10342	success	2	0	0	0	0	1.1228		5.9413	6.1	rss	0.0	0.0				GCF_001640025.1	Ascomycota	15.9	0.37367	0.07062
v1.9.0-rc1_conda	Synchytrium_microbalum_JEL517	success	2	0	0	0	0	0.9331		4.7664	5.5	rss	0.0	0.0				GCF_006535985.1	Chytridiomycota	26.2	0.18192	0.03561
v1.9.0-rc1_conda	Talaromyces_marneffei	success	1	0	0	0	0	0.0286		0.3527	3.4	rss	0.0	0.0								
v1.9.0-rc1_conda	Talaromyces_marneffei_ATCC_18224	success	3	0	0	0	0	13.4965		33.0847	14.8	rss	0.0	0.0				GCF_000001985.1	Ascomycota	28.6	1.15681	0.4719
v1.9.0-rc1_conda	Talaromyces_stipitatus_ATCC_10500	success	2	0	0	0	0	1.6079		8.8063	16.0	rss	0.0	0.0				GCF_000003125.1	Ascomycota	35.7	0.24668	0.04504
v1.9.0-rc1_conda	Tilletiaria_anomala	success	1	0	0	0	0	0.0225		0.272	2.1	rss	0.0	0.0								
v1.9.0-rc1_conda	Tilletiaria_anomala_UBC_951	success	3	1	0	0	0	0.4344		1.9746	3.0	rss	0.55	0.0				GCF_000711695.1	Basidiomycota	18.7	0.10559	0.02323
v1.9.0-rc1_conda	Tilletiopsis_washingtonensis	success	1	0	0	0	0	0.0159		0.1802	1.7	rss	0.0	0.0								
v1.9.0-rc1_conda	Tilletiopsis_washingtonensis_MCA_4186	success	3	0	0	0	0	10.2611		18.0557	3.7	rss	0.0	0.0				GCF_003144115.1	Basidiomycota	18.8	0.96041	0.5458
v1.9.0-rc1_conda	Tremella_mesenterica_Fries	success	2	0	0	0	0	2.1998		11.0958	6.0	rss	0.0	0.0				GCF_000271645.1	Basidiomycota	28.6	0.38797	0.07691
v1.9.0-rc1_conda	Tricharina_praecox	success	1	0	0	0	0	0.0422		0.5013	2.9	rss	0.0	0.0								
v1.9.0-rc1_conda	Tricharina_praecox_CBS_144465	success	3	0	0	0	0	13.0043		35.1934	6.8	rss	0.0	0.0				GCF_024521635.1	Ascomycota	38.4	0.91649	0.33865
v1.9.0-rc1_conda	Trichosporon_asahii	success	1	0	0	0	0	0.0286		0.341	2.1	rss	0.0	0.0								
v1.9.0-rc1_conda	Trichosporon_asahii_CBS_2479	success	3	1	0	0	0	0.5132		2.5508	6.6	rss	0.55	0.0				GCF_000293215.1	Basidiomycota	24.5	0.10412	0.02095
v1.9.0-rc1_conda	Umbelopsis_ramanniana	success	1	0	0	0	0	0.0325		0.337	2.1	rss	0.0	0.0								
v1.9.0-rc1_conda	Umbelopsis_ramanniana_AG	success	3	1	0	0	0	0.4466		2.5603	4.0	rss	0.55	0.0				GCF_025399195.1	Mucoromycota	23.1	0.11084	0.01934
v1.9.0-rc1_conda	Uncinocarpus_reesii_1704	success	2	0	0	0	0	1.8491		7.5944	6.3	rss	0.0	0.0				GCF_000003515.1	Ascomycota	22.3	0.34056	0.08292
v1.9.0-rc1_conda	Wallemia_mellicola_CBS_633.66	success	2	0	0	0	0	1.0618		6.4423	2.6	rss	0.0	0.0				GCF_000263375.1	Basidiomycota	9.8	0.65738	0.10835
v1.9.0-rc1_conda	Yarrowia_lipolytica	success	1	0	0	0	0	0.0186		0.194	1.8	rss	0.0	0.0								
v1.9.0-rc1_conda	Yarrowia_lipolytica_CLIB122	success	3	0	0	0	0	12.0903		22.9704	10.9	rss	0.0	0.0				GCF_000002525.2	Ascomycota	20.5	1.12051	0.58977
v1.9.0-rc1_conda	Zygosaccharomyces_rouxii	success	1	0	0	0	0	0.0214		0.2732	2.6	rss	0.0	0.0								
v1.9.0-rc1_conda	Zygosaccharomyces_rouxii_CBS_732	success	3	0	0	0	0	2.3652		8.0263	4.1	rss	0.0	0.0				GCF_000026365.1	Ascomycota	9.8	0.81901	0.24134
v1.9.0-rc1_conda	Zymoseptoria_tritici	success	1	0	0	0	0	0.0886		1.2133	6.8	rss	0.0	0.0								
v1.9.0-rc1_conda	Zymoseptoria_tritici_IPO323	success	3	0	0	0	0	5.4		25.7392	16.0	rss	0.0	0.0				GCF_000219625.1	Ascomycota	39.7	0.64834	0.13602
v1.9.0-rc1_conda_rust	-	success	4	0	0	0	0	0.0148		0.0111	0.136	rss	0.0	0.0								
v1.9.0-rc1_conda_rust	Allomyces_macrogynus	success	1	0	0	0	0	7.3953		18.4956	2.1	rss	0.0	0.0								
v1.9.0-rc1_conda_rust	Allomyces_macrogynus_ATCC_38327	success	3	1	0	0	0	0.5512		3.1042	10.5	rss	0.5667	0.0				GCA_000151295.1	Blastocladiomycota	57.1	0.05436	0.00965
v1.9.0-rc1_conda_rust	Aspergillus_clavatus_NRRL_1	success	2	0	0	0	0	1.1994		7.5767	4.3	rss	0.0	0.0				GCF_000002715.2	Ascomycota	27.9	0.27157	0.04299
v1.9.0-rc1_conda_rust	Aspergillus_fumigatus	success	1	2	0	0	0	1.0819		10.9525	4.1	rss	1.1	0.0								
v1.9.0-rc1_conda_rust	Aspergillus_fumigatus_Af293	success	3	0	0	0	0	1.0826		3.6874	4.6	rss	0.0	0.0				GCF_000002655.1	Ascomycota	29.4	0.12542	0.03682
v1.9.0-rc1_conda_rust	Batrachochytrium_dendrobatidis	success	1	0	0	0	0	2.9925		14.6184	10.4	rss	0.0	0.0								
v1.9.0-rc1_conda_rust	Batrachochytrium_dendrobatidis_JAM81	failed	2	1	0	0	1	0.2847		1.1317	1.7	rss,peak_rss	0.55	0.0	1	8	epyc	GCF_000203795.2	Chytridiomycota	23.8	0.04755	0.01196
v1.9.0-rc1_conda_rust	Blastomyces_dermatitidis_ER-3	success	2	0	0	0	0	2.4283		9.6093	2.6	rss	0.0	0.0				GCF_000003525.1	Ascomycota	66.6	0.14428	0.03646
v1.9.0-rc1_conda_rust	Botrytis_cinerea	success	1	2	0	0	0	3.6203		20.7188	2.5	rss	1.1	0.0								
v1.9.0-rc1_conda_rust	Botrytis_cinerea_B05.10	success	3	0	0	0	0	1.2481		4.5203	4.5	rss	0.0	0.0				GCF_000143535.2	Ascomycota	42.6	0.10611	0.0293
v1.9.0-rc1_conda_rust	Chaetomium_globosum	success	1	0	0	0	0	7.16		20.3774	2.7	rss	0.0	0.0								
v1.9.0-rc1_conda_rust	Chaetomium_globosum_CBS_148.51	success	3	1	0	0	0	2.2311		11.904	4.6	rss,peak_rss	0.55	0.0	1	8	epyc	GCF_000143365.1	Ascomycota	34.3	0.34706	0.06505
v1.9.0-rc1_conda_rust	Cokeromyces_recurvatus	failed	0	2	0	0	1	0.0		0.0	0.0		1.1	0.0								
v1.9.0-rc1_conda_rust	Cokeromyces_recurvatus_NRRL_2243	success	3	0	0	0	0	1.2752		3.5125	6.1	rss,peak_rss	0.0	0.0	1	8	epyc	GCF_025118155.1	Mucoromycota	28.1	0.125	0.04538
v1.9.0-rc1_conda_rust	Colletotrichum_graminicola	success	1	0	0	0	0	6.8528		18.989	3.1	rss	0.0	0.0								
v1.9.0-rc1_conda_rust	Colletotrichum_graminicola_M1.001	success	3	1	0	0	0	0.6465		3.4085	4.4	rss	0.5667	0.0				GCF_000149035.1	Ascomycota	51.6	0.06606	0.01253
v1.9.0-rc1_conda_rust	Cryptococcus_deneoformans	success	1	0	0	0	0	1.1447		11.5216	3.1	rss	0.0	0.0								
v1.9.0-rc1_conda_rust	Cryptococcus_deneoformans_JEC21	success	3	1	0	0	0	0.3579		1.2775	1.7	rss	0.55	0.0				GCF_000091045.1	Basidiomycota	19.1	0.06688	0.01874
v1.9.0-rc1_conda_rust	Cryptococcus_neoformans	success	1	0	0	0	0	1.2017		10.064	2.2	rss	0.0	0.0								
v1.9.0-rc1_conda_rust	Cryptococcus_neoformans_H99	success	3	1	0	0	0	0.2678		1.3186	4.4	rss	0.55	0.0				GCF_000149245.1	Basidiomycota	18.9	0.06977	0.01417
v1.9.0-rc1_conda_rust	Cystobasidium_minutum_MCA_4210	success	2	0	0	0	0	0.9171		5.5226	4.4	rss	0.0	0.0				GCF_039999085.1	Basidiomycota	20.8	0.26551	0.04409
v1.9.0-rc1_conda_rust	Dactylellina_haptotyla_CBS_200.50	success	2	2	0	0	0	0.007		0.0093	0.061	rss	0.5667	0.0				GCF_000441935.1	Ascomycota	39.5	0.00024	0.00018
v1.9.0-rc1_conda_rust	Drepanopeziza_brunnea	success	1	0	0	0	0	0.3617		0.9132	2.9	rss	0.0	0.0								
v1.9.0-rc1_conda_rust	Drepanopeziza_brunnea_MB_m1	success	3	0	0	0	0	1.6304		9.4702	4.5	rss	0.0	0.0				GCF_000298775.1	Ascomycota	51.9	0.18247	0.03142
v1.9.0-rc1_conda_rust	Eremothecium_gossypii_ATCC_10895	success	2	2	0	0	0	0.0007		0.0012	0.063	rss	0.5666	0.0				GCF_000091025.4	Ascomycota	9.1	0.00014	8e-05
v1.9.0-rc1_conda_rust	Fusarium_oxysporum	success	1	0	0	0	0	5.8231		23.7581	5.6	rss	0.0	0.0								
v1.9.0-rc1_conda_rust	Fusarium_oxysporum_4287	success	3	0	0	0	0	1.6179		5.9128	4.8	rss	0.0	0.0				GCF_000149955.1	Ascomycota	61.4	0.0963	0.02635
v1.9.0-rc1_conda_rust	Fusarium_verticillioides	success	1	0	0	0	0	6.5281		17.6258	3.5	rss	0.0	0.0								
v1.9.0-rc1_conda_rust	Fusarium_verticillioides_7600	success	3	0	0	0	0	1.6578		4.5511	4.7	rss	0.0	0.0				GCF_000149555.1	Ascomycota	41.8	0.10888	0.03966
v1.9.0-rc1_conda_rust	Gaeumannomyces_tritici	success	1	0	0	0	0	5.1244		19.5241	2.5	rss	0.0	0.0								
v1.9.0-rc1_conda_rust	Gaeumannomyces_tritici_R3-111a-1	success	3	1	0	0	0	1.6088		9.5248	6.9	rss,peak_rss	0.55	0.0	1	8	epyc	GCF_000145635.1	Ascomycota	43.6	0.21846	0.0369
v1.9.0-rc1_conda_rust	Kluyveromyces_lactis	success	1	1	0	0	0	0.5139		2.4949	2.4	rss	0.55	0.0								
v1.9.0-rc1_conda_rust	Kluyveromyces_lactis_NRRL_Y-1140	success	3	0	0	0	0	0.526		1.7558	4.0	rss	0.0	0.0				GCF_000002515.2	Ascomycota	10.7	0.1641	0.04916
v1.9.0-rc1_conda_rust	Laccaria_bicolor_S238N-H82	success	2	0	0	0	0	1.9514		11.6905	4.5	rss	0.0	0.0				GCF_000143565.1	Basidiomycota	64.9	0.18013	0.03007
v1.9.0-rc1_conda_rust	Lachancea_thermotolerans	success	1	0	0	0	0	0.6142		5.818	1.1	rss	0.0	0.0								
v1.9.0-rc1_conda_rust	Lachancea_thermotolerans_CBS_6340	failed	2	1	0	0	1	0.2298		1.0894	2.4	rss,peak_rss	0.55	0.0	1	8	epyc	GCF_000142805.1	Ascomycota	10.4	0.10475	0.0221
v1.9.0-rc1_conda_rust	Leptographium_clavigerum_kw1407	success	2	0	0	0	0	1.5629		8.5403	4.1	rss	0.0	0.0				GCF_000143105.1	Ascomycota	29.8	0.28659	0.05245
v1.9.0-rc1_conda_rust	Letharia_columbiana_WasteWater2	success	2	0	0	0	0	1.1003		5.7741	4.2	rss	0.0	0.0				GCF_014066305.1	Ascomycota	52.3	0.1104	0.02104
v1.9.0-rc1_conda_rust	Lipomyces_tetrasporus	success	1	0	0	0	0	2.5422		13.9644	2.8	rss	0.0	0.0								
v1.9.0-rc1_conda_rust	Lipomyces_tetrasporus_NRRL_Y-64009	failed	2	1	0	0	1	0.3047		1.0447	3.8	rss,peak_rss	0.55	0.0	1	8	epyc	GCF_029532465.1	Ascomycota	20.8	0.05023	0.01465
v1.9.0-rc1_conda_rust	Malassezia_globosa	success	1	0	0	0	0	0.4103		4.6948	1.6	rss	0.0	0.0								
v1.9.0-rc1_conda_rust	Malassezia_globosa_CBS_7966	success	3	0	0	0	0	0.8116		1.6872	3.2	rss	0.0	0.0				GCF_000181695.2	Basidiomycota	9.0	0.18747	0.09018
v1.9.0-rc1_conda_rust	Malassezia_sympodialis	success	1	0	0	0	0	1.5994		4.9487	1.003	rss	0.0	0.0								
v1.9.0-rc1_conda_rust	Malassezia_sympodialis_ATCC_42132	failed	2	1	0	0	1	0.1798		0.8681	2.8	rss,peak_rss	0.55	0.0	1	8	epyc	GCF_000349305.1	Basidiomycota	7.7	0.11274	0.02335
v1.9.0-rc1_conda_rust	Mixia_osmundae_IAM_14324	success	2	1	0	0	0	0.5043		5.1485	6.0	rss	0.0	0.0				GCF_000708205.1	Basidiomycota	13.6	0.37856	0.03708
v1.9.0-rc1_conda_rust	Morchella_importuna	success	1	2	0	0	0	2.4056		18.5156	6.7	rss	1.1167	0.0								
v1.9.0-rc1_conda_rust	Morchella_importuna_M04M26	success	3	0	0	0	0	1.2755		4.5908	3.8	rss,peak_rss	0.0	0.0	1	8	epyc	GCF_003444635.1	Ascomycota	50.9	0.09019	0.02506
v1.9.0-rc1_conda_rust	Morchella_sextelata	success	1	0	0	0	0	3.5147		35.2175	12.6	rss	0.0	0.0								
v1.9.0-rc1_conda_rust	Morchella_sextelata_SCLS	failed	2	2	0	0	1	0.3671		2.8003	9.0	rss,peak_rss	0.5666	0.0	2	16	epyc	GCF_020137385.1	Ascomycota	53.6	0.05224	0.00685
v1.9.0-rc1_conda_rust	Mucor_mucedo	success	1	0	0	0	0	4.0831		16.516	2.2	rss	0.0	0.0								
v1.9.0-rc1_conda_rust	Mucor_mucedo_NRRL_3635	failed	2	1	0	0	1	0.4436		1.9484	3.8	rss,peak_rss	0.55	0.0	1	8	epyc	GCF_025094135.1	Mucoromycota	46.1	0.04226	0.00962
v1.9.0-rc1_conda_rust	Nakaseomyces_glabratus_CBS_138	success	2	0	0	0	0	0.7262		4.4556	3.4	rss	0.0	0.0				GCF_000002545.3	Ascomycota	12.3	0.36225	0.05904
v1.9.0-rc1_conda_rust	Orbilia_oligospora	success	1	2	0	0	0	1.8322		17.7048	3.0	rss	1.1	0.0								
v1.9.0-rc1_conda_rust	Orbilia_oligospora_ATCC_24927	success	3	0	0	0	0	1.1975		4.0029	7.3	rss,peak_rss	0.0	0.0	1	8	epyc	GCF_000225545.1	Ascomycota	40.1	0.09982	0.02986
v1.9.0-rc1_conda_rust	Parastagonospora_nodorum	success	1	0	0	0	0	5.1644		16.9497	3.8	rss	0.0	0.0								
v1.9.0-rc1_conda_rust	Parastagonospora_nodorum_SN15	failed	2	1	0	0	1	0.4259		2.2374	4.1	rss,peak_rss	0.55	0.0	1	8	epyc	GCF_000146915.1	Ascomycota	37.2	0.06015	0.01145
v1.9.0-rc1_conda_rust	Phycomyces_blakesleeanus	success	1	0	0	0	0	3.5153		19.1864	2.9	rss	0.0	0.0								
v1.9.0-rc1_conda_rust	Phycomyces_blakesleeanus_NRRL_1555_-	success	3	0	0	0	0	2.3205		6.7896	4.5	rss	0.0	0.0				GCF_001638985.1	Mucoromycota	53.9	0.12597	0.04305
v1.9.0-rc1_conda_rust	Pneumocystis_murina_B123	success	2	2	0	0	0	0.0007		0.0011	0.059	rss	0.55	0.0				GCF_000349005.2	Ascomycota	7.5	0.00015	0.0001
v1.9.0-rc1_conda_rust	Protomyces_lactucae-debilis	failed	0	2	0	0	1	0.0		0.0	0.0		1.1	0.0								
v1.9.0-rc1_conda_rust	Protomyces_lactucae-debilis_12-1054	success	3	0	0	0	0	0.6512		2.0175	3.5	rss,peak_rss	0.0	0.0	1	8	epyc	GCF_002105105.1	Ascomycota	12.9	0.1564	0.05048
v1.9.0-rc1_conda_rust	Pseudogymnoascus_destructans	failed	0	2	0	0	1	0.0		0.0	0.0		1.0961	0.0								
v1.9.0-rc1_conda_rust	Pseudogymnoascus_destructans_20631-21	success	3	0	0	0	0	0.9987		3.8125	3.3	rss,peak_rss	0.0	0.0	1	8	epyc	GCF_000184105.1	Ascomycota	30.7	0.12418	0.03253
v1.9.0-rc1_conda_rust	Pyrenophora_teres	success	1	2	0	0	0	2.0356		5.8726	4.5	rss	1.1	0.0								
v1.9.0-rc1_conda_rust	Pyrenophora_teres_0-1	success	3	0	0	0	0	0.9625		3.0157	1.3	rss	0.0	0.0				GCF_000166005.1	Ascomycota	33.6	0.08975	0.02865
v1.9.0-rc1_conda_rust	Pyrenophora_tritici-repentis	success	1	2	0	0	0	3.5956		19.4268	3.6	rss	1.1	0.0								
v1.9.0-rc1_conda_rust	Pyrenophora_tritici-repentis_Pt-1C-BFP	success	3	0	0	0	0	1.3886		5.2869	11.6	rss	0.0	0.0				GCF_000149985.1	Ascomycota	37.8	0.13986	0.03674
v1.9.0-rc1_conda_rust	Pyricularia_oryzae_70-15	success	2	0	0	0	0	1.545		8.6462	4.5	rss	0.0	0.0				GCF_000002495.2	Ascomycota	41.0	0.21088	0.03768
v1.9.0-rc1_conda_rust	Rhizopus_delemar	success	1	0	0	0	0	3.765		27.364	3.3	rss	0.0	0.0								
v1.9.0-rc1_conda_rust	Rhizopus_delemar_RA_99-880	success	3	1	0	0	0	0.5722		2.5119	14.5	rss	0.55	0.0				GCF_000149305.1	Mucoromycota	46.1	0.05449	0.01241
v1.9.0-rc1_conda_rust	Rhizopus_microsporus	success	1	0	0	0	0	0.445		2.8849	6.6	rss	0.0	0.0								
v1.9.0-rc1_conda_rust	Rhizopus_microsporus_ATCC_52813	failed	1	5	0	0	1	0.0032		0.0034	0.068	rss	1.1003	0.0				GCF_002708625.1	Mucoromycota	26.0	0.00013	0.00012
v1.9.0-rc1_conda_rust	Rhodotorula_graminis_WP1	success	2	0	0	0	0	0.9163		5.5368	4.3	rss	0.0	0.0				GCF_001329695.1	Basidiomycota	21.0	0.26366	0.04363
v1.9.0-rc1_conda_rust	Rhodotorula_toruloides_NP11	success	2	0	0	0	0	0.9423		5.6676	4.3	rss	0.0	0.0				GCF_000320785.1	Basidiomycota	20.2	0.28057	0.04665
v1.9.0-rc1_conda_rust	Saccharomyces_cerevisiae	success	1	0	0	0	0	1.9483		4.8338	1.6	rss	0.0	0.0								
v1.9.0-rc1_conda_rust	Saccharomyces_cerevisiae_S288C	success	3	0	0	0	0	0.4806		1.707	3.5	rss	0.0	0.0				GCF_000146045.2	Ascomycota	12.1	0.14108	0.03972
v1.9.0-rc1_conda_rust	Schizophyllum_commune	success	1	2	0	0	0	1.4383		12.1007	2.6	rss	1.1	0.0								
v1.9.0-rc1_conda_rust	Schizophyllum_commune_H4-8	success	3	0	0	0	0	0.751		2.9797	8.5	rss	0.0	0.0				GCF_000143185.2	Basidiomycota	38.7	0.07699	0.01941
v1.9.0-rc1_conda_rust	Sclerotinia_sclerotiorum	success	1	0	0	0	0	5.1383		18.5905	2.7	rss	0.0	0.0								
v1.9.0-rc1_conda_rust	Sclerotinia_sclerotiorum_1980	success	3	0	0	0	0	1.0642		4.3245	4.3	rss	0.0	0.0				GCF_000146945.2	Ascomycota	38.3	0.11291	0.02779
v1.9.0-rc1_conda_rust	Spizellomyces_punctatus_DAOM_BR117	success	2	0	0	0	0	0.5623		3.0983	4.3	rss	0.0	0.0				GCF_000182565.1	Chytridiomycota	24.1	0.12856	0.02333
v1.9.0-rc1_conda_rust	Sporobolomyces_koalae_JCM15063	success	2	2	0	0	0	0.0014		0.0024	0.059	rss	0.55	0.0				GCF_050403365.1	Basidiomycota	18.3	0.00013	8e-05
v1.9.0-rc1_conda_rust	Sporobolomyces_salmoneus_JCM6883	success	2	0	0	0	0	1.5153		6.2035	1.1	rss	0.0	0.0				GCF_050403485.1	Basidiomycota	20.3	0.30559	0.07464
v1.9.0-rc1_conda_rust	Sugiyamaella_lignohabitans_CBS_10342	success	2	0	0	0	0	1.522		5.573	1.6	rss	0.0	0.0				GCF_001640025.1	Ascomycota	15.9	0.3505	0.09573
v1.9.0-rc1_conda_rust	Synchytrium_microbalum_JEL517	success	2	0	0	0	0	0.5362		3.3487	2.9	rss	0.0	0.0				GCF_006535985.1	Chytridiomycota	26.2	0.12781	0.02047
v1.9.0-rc1_conda_rust	Talaromyces_marneffei	success	1	0	0	0	0	5.11		15.4629	7.8	rss	0.0	0.0								
v1.9.0-rc1_conda_rust	Talaromyces_marneffei_ATCC_18224	success	3	1	0	0	0	0.4858		2.2482	4.4	rss	0.55	0.0				GCF_000001985.1	Ascomycota	28.6	0.07861	0.01699
v1.9.0-rc1_conda_rust	Talaromyces_stipitatus_ATCC_10500	success	2	2	0	0	0	0.0029		0.0047	0.081	rss	0.5666	0.0				GCF_000003125.1	Ascomycota	35.7	0.00013	8e-05
v1.9.0-rc1_conda_rust	Tilletiaria_anomala	success	1	0	0	0	0	2.5975		8.0211	2.1	rss	0.0	0.0								
v1.9.0-rc1_conda_rust	Tilletiaria_anomala_UBC_951	success	3	2	0	0	0	1.1149		2.3407	1.6	rss,peak_rss	0.5333	0.0	1	8	epyc	GCF_000711695.1	Basidiomycota	18.7	0.12517	0.05962
v1.9.0-rc1_conda_rust	Tilletiopsis_washingtonensis	success	1	2	0	0	0	2.32		8.5353	1.7	rss	1.1	0.0								
v1.9.0-rc1_conda_rust	Tilletiopsis_washingtonensis_MCA_4186	success	3	0	0	0	0	0.9846		2.59	4.3	rss	0.0	0.0				GCF_003144115.1	Basidiomycota	18.8	0.13776	0.05237
v1.9.0-rc1_conda_rust	Tremella_mesenterica_Fries	success	2	1	0	0	0	0.0022		0.0039	0.076	rss	0.55	0.0				GCF_000271645.1	Basidiomycota	28.6	0.00014	8e-05
v1.9.0-rc1_conda_rust	Tricharina_praecox	success	1	2	0	0	0	2.0892		16.7426	2.9	rss	1.1	0.0								
v1.9.0-rc1_conda_rust	Tricharina_praecox_CBS_144465	success	3	0	0	0	0	1.432		3.8272	4.5	rss,peak_rss	0.0	0.0	1	8	epyc	GCF_024521635.1	Ascomycota	38.4	0.09967	0.03729
v1.9.0-rc1_conda_rust	Trichosporon_asahii	success	1	0	0	0	0	4.6564		12.4512	2.2	rss	0.0	0.0								
v1.9.0-rc1_conda_rust	Trichosporon_asahii_CBS_2479	success	3	1	0	0	0	1.9334		12.5054	4.0	rss,peak_rss	0.5667	0.0	1	8	epyc	GCF_000293215.1	Basidiomycota	24.5	0.51042	0.07891
v1.9.0-rc1_conda_rust	Umbelopsis_ramanniana	success	1	0	0	0	0	2.7169		11.2291	2.1	rss	0.0	0.0								
v1.9.0-rc1_conda_rust	Umbelopsis_ramanniana_AG	failed	2	1	0	0	1	0.2255		1.0094	3.4	rss,peak_rss	0.55	0.0	1	8	epyc	GCF_025399195.1	Mucoromycota	23.1	0.04369	0.00976
v1.9.0-rc1_conda_rust	Uncinocarpus_reesii_1704	success	2	0	0	0	0	1.826		8.9281	4.0	rss	0.0	0.0				GCF_000003515.1	Ascomycota	22.3	0.40036	0.08188
v1.9.0-rc1_conda_rust	Wallemia_mellicola_CBS_633.66	success	2	0	0	0	0	0.8089		4.7052	3.0	rss	0.0	0.0				GCF_000263375.1	Basidiomycota	9.8	0.48012	0.08254
v1.9.0-rc1_conda_rust	Yarrowia_lipolytica	success	1	2	0	0	0	2.0011		13.4114	1.8	rss	1.1	0.0								
v1.9.0-rc1_conda_rust	Yarrowia_lipolytica_CLIB122	success	3	0	0	0	0	0.6402		2.5772	4.7	rss	0.0	0.0				GCF_000002525.2	Ascomycota	20.5	0.12571	0.03123
v1.9.0-rc1_conda_rust	Zygosaccharomyces_rouxii	success	1	0	0	0	0	0.5567		3.6478	2.6	rss	0.0	0.0								
v1.9.0-rc1_conda_rust	Zygosaccharomyces_rouxii_CBS_732	success	3	0	0	0	0	0.5941		1.5083	3.9	rss	0.0	0.0				GCF_000026365.1	Ascomycota	9.8	0.15391	0.06062
v1.9.0-rc1_conda_rust	Zymoseptoria_tritici	success	1	0	0	0	0	1.5622		15.8113	7.1	rss	0.0	0.0								
v1.9.0-rc1_conda_rust	Zymoseptoria_tritici_IPO323	failed	2	1	0	0	1	0.4876		2.1411	13.7	rss,peak_rss	0.55	0.0	1	8	epyc	GCF_000219625.1	Ascomycota	39.7	0.05393	0.01228
v1.9.0-rc1_container	-	success	4	0	0	0	0	0.0121		0.0145	0.151	rss	0.0	0.0								
v1.9.0-rc1_container	Allomyces_macrogynus	success	1	0	0	0	0	1.1914		14.8864	2.2	rss	0.0	0.0								
v1.9.0-rc1_container	Allomyces_macrogynus_ATCC_38327	failed	2	1	0	0	1	0.8364		4.9915	10.5	rss,peak_rss	0.5667	0.0	1	8	epyc	GCA_000151295.1	Blastocladiomycota	57.1	0.08742	0.01465
v1.9.0-rc1_container	Aspergillus_clavatus_NRRL_1	success	2	2	0	0	0	0.002		0.0039	0.068	rss	0.55	0.0				GCF_000002715.2	Ascomycota	27.9	0.00014	7e-05
v1.9.0-rc1_container	Aspergillus_fumigatus	success	1	2	0	0	0	0.9328		11.0926	3.9	rss	1.1028	0.0								
v1.9.0-rc1_container	Aspergillus_fumigatus_Af293	success	3	0	0	0	0	1.3144		5.128	19.6	rss	0.0	0.0				GCF_000002655.1	Ascomycota	29.4	0.17442	0.04471
v1.9.0-rc1_container	Batrachochytrium_dendrobatidis	failed	0	2	0	0	1	0.0		0.0	0.0		1.1	0.0								
v1.9.0-rc1_container	Batrachochytrium_dendrobatidis_JAM81	success	3	1	0	0	0	1.0033		4.8025	13.1	rss,peak_rss	0.0167	0.0	1,2	8,16	epyc	GCF_000203795.2	Chytridiomycota	23.8	0.20179	0.04216
v1.9.0-rc1_container	Blastomyces_dermatitidis_ER-3	success	2	1	0	0	0	0.0044		0.0083	0.105	rss	0.55	0.0				GCF_000003525.1	Ascomycota	66.6	0.00012	7e-05
v1.9.0-rc1_container	Botrytis_cinerea	success	1	2	0	0	0	1.0469		13.5977	2.5	rss	1.1167	0.0								
v1.9.0-rc1_container	Botrytis_cinerea_B05.10	success	3	0	0	0	0	1.577		6.1596	12.8	rss	0.0	0.0				GCF_000143535.2	Ascomycota	42.6	0.14459	0.03702
v1.9.0-rc1_container	Chaetomium_globosum	success	1	0	0	0	0	1.4392		16.6843	2.8	rss	0.0	0.0								
v1.9.0-rc1_container	Chaetomium_globosum_CBS_148.51	success	3	1	0	0	0	0.6615		3.8566	4.5	rss	0.5478	0.0				GCF_000143365.1	Ascomycota	34.3	0.11244	0.01928
v1.9.0-rc1_container	Cokeromyces_recurvatus	success	1	0	0	0	0	0.9139		10.8268	2.3	rss	0.0	0.0								
v1.9.0-rc1_container	Cokeromyces_recurvatus_NRRL_2243	failed	2	1	0	0	1	0.3384		1.8557	5.8	rss,peak_rss	0.55	0.0	1	8	epyc	GCF_025118155.1	Mucoromycota	28.1	0.06604	0.01204
v1.9.0-rc1_container	Colletotrichum_graminicola	failed	0	2	0	0	1	0.0		0.0	0.0		1.1022	0.0								
v1.9.0-rc1_container	Colletotrichum_graminicola_M1.001	success	3	0	0	0	0	1.465		5.8889	5.7	rss,peak_rss	0.0	0.0	1	8	epyc	GCF_000149035.1	Ascomycota	51.6	0.11413	0.02839
v1.9.0-rc1_container	Cryptococcus_deneoformans	success	1	0	0	0	0	0.7511		8.4222	3.0	rss	0.0	0.0								
v1.9.0-rc1_container	Cryptococcus_deneoformans_JEC21	success	3	0	0	0	0	1.0172		3.8691	4.0	rss	0.0	0.0				GCF_000091045.1	Basidiomycota	19.1	0.20257	0.05326
v1.9.0-rc1_container	Cryptococcus_neoformans	success	1	0	0	0	0	0.6572		8.116	2.2	rss	0.0	0.0								
v1.9.0-rc1_container	Cryptococcus_neoformans_H99	success	3	1	0	0	0	0.3826		1.9987	5.9	rss	0.5669	0.0				GCF_000149245.1	Basidiomycota	18.9	0.10575	0.02024
v1.9.0-rc1_container	Cystobasidium_minutum_MCA_4210	success	2	0	0	0	0	1.4228		7.7483	8.4	rss	0.0	0.0				GCF_039999085.1	Basidiomycota	20.8	0.37252	0.0684
v1.9.0-rc1_container	Dactylellina_haptotyla_CBS_200.50	success	2	1	0	0	0	0.0027		0.0053	0.061	rss	0.55	0.0				GCF_000441935.1	Ascomycota	39.5	0.00013	7e-05
v1.9.0-rc1_container	Drepanopeziza_brunnea	success	1	0	0	0	0	0.0672		0.7743	3.0	rss	0.0	0.0								
v1.9.0-rc1_container	Drepanopeziza_brunnea_MB_m1	success	3	0	0	0	0	1.6053		10.1935	7.8	rss	0.0	0.0				GCF_000298775.1	Ascomycota	51.9	0.19641	0.03093
v1.9.0-rc1_container	Eremothecium_gossypii_ATCC_10895	success	2	2	0	0	0	0.0009		0.0016	0.055	rss	0.5878	0.0				GCF_000091025.4	Ascomycota	9.1	0.00017	0.0001
v1.9.0-rc1_container	Fusarium_oxysporum	success	1	0	0	0	0	1.325		15.7781	5.6	rss	0.0	0.0								
v1.9.0-rc1_container	Fusarium_oxysporum_4287	success	3	1	0	0	0	1.564		10.4318	13.7	rss,peak_rss	0.55	0.0	1	8	epyc	GCF_000149955.1	Ascomycota	61.4	0.1699	0.02547
v1.9.0-rc1_container	Fusarium_verticillioides	success	1	0	0	0	0	1.1911		14.8091	3.4	rss	0.0	0.0								
v1.9.0-rc1_container	Fusarium_verticillioides_7600	failed	2	1	0	0	1	0.5393		3.2164	16.4	rss,peak_rss	0.55	0.0	1	8	epyc	GCF_000149555.1	Ascomycota	41.8	0.07695	0.0129
v1.9.0-rc1_container	Gaeumannomyces_tritici	success	1	0	0	0	0	1.1058		14.6788	2.5	rss	0.0	0.0								
v1.9.0-rc1_container	Gaeumannomyces_tritici_R3-111a-1	success	3	1	0	0	0	0.6661		3.9257	9.3	rss	0.5667	0.0				GCF_000145635.1	Ascomycota	43.6	0.09004	0.01528
v1.9.0-rc1_container	Kluyveromyces_lactis	success	1	0	0	0	0	0.4211		5.2727	5.0	rss	0.0	0.0								
v1.9.0-rc1_container	Kluyveromyces_lactis_NRRL_Y-1140	success	3	0	0	0	0	0.484		2.005	4.0	rss	0.0	0.0				GCF_000002515.2	Ascomycota	10.7	0.18738	0.04524
v1.9.0-rc1_container	Laccaria_bicolor_S238N-H82	success	2	0	0	0	0	2.3241		14.8581	5.1	rss	0.0	0.0				GCF_000143565.1	Basidiomycota	64.9	0.22894	0.03581
v1.9.0-rc1_container	Lachancea_thermotolerans	success	1	0	0	0	0	0.3325		3.8321	1.1	rss	0.0	0.0								
v1.9.0-rc1_container	Lachancea_thermotolerans_CBS_6340	success	3	0	0	0	0	0.4584		1.8563	3.0	rss	0.0	0.0				GCF_000142805.1	Ascomycota	10.4	0.17849	0.04407
v1.9.0-rc1_container	Leptographium_clavigerum_kw1407	success	2	0	0	0	0	1.7046		11.1994	5.4	rss	0.0	0.0				GCF_000143105.1	Ascomycota	29.8	0.37582	0.0572
v1.9.0-rc1_container	Letharia_columbiana_WasteWater2	success	2	0	0	0	0	1.1156		6.7252	4.3	rss	0.0	0.0				GCF_014066305.1	Ascomycota	52.3	0.12859	0.02133
v1.9.0-rc1_container	Lipomyces_tetrasporus	success	1	0	0	0	0	0.9917		12.6428	2.9	rss	0.0	0.0								
v1.9.0-rc1_container	Lipomyces_tetrasporus_NRRL_Y-64009	success	3	1	0	0	0	0.4211		2.3666	7.2	rss	0.5592	0.0				GCF_029532465.1	Ascomycota	20.8	0.11378	0.02025
v1.9.0-rc1_container	Malassezia_globosa	success	1	0	0	0	0	0.3817		4.7372	1.5	rss	0.0	0.0								
v1.9.0-rc1_container	Malassezia_globosa_CBS_7966	success	3	0	0	0	0	0.6646		2.3889	3.3	rss	0.0	0.0				GCF_000181695.2	Basidiomycota	9.0	0.26543	0.07385
v1.9.0-rc1_container	Malassezia_sympodialis	success	1	0	0	0	0	0.3186		3.8603	1.2	rss	0.0	0.0								
v1.9.0-rc1_container	Malassezia_sympodialis_ATCC_42132	success	3	0	0	0	0	0.8149		3.0047	3.0	rss	0.0	0.0				GCF_000349305.1	Basidiomycota	7.7	0.39022	0.10583
v1.9.0-rc1_container	Mixia_osmundae_IAM_14324	success	2	2	0	0	0	0.0011		0.0021	0.059	rss	0.5736	0.0				GCF_000708205.1	Basidiomycota	13.6	0.00015	8e-05
v1.9.0-rc1_container	Morchella_importuna	success	1	2	0	0	0	1.0903		14.1027	6.7	rss	1.1	0.0								
v1.9.0-rc1_container	Morchella_importuna_M04M26	success	3	0	0	0	0	1.3585		6.175	9.7	rss,peak_rss	0.0	0.0	1	8	epyc	GCF_003444635.1	Ascomycota	50.9	0.12132	0.02669
v1.9.0-rc1_container	Morchella_sextelata	success	1	2	0	0	0	2.3308		30.9232	14.6	rss	1.1236	0.0								
v1.9.0-rc1_container	Morchella_sextelata_SCLS	success	3	0	0	0	0	2.1655		8.9841	10.5	rss	0.0	0.0				GCF_020137385.1	Ascomycota	53.6	0.16761	0.0404
v1.9.0-rc1_container	Mucor_mucedo	success	1	0	0	0	0	1.005		13.0549	2.1	rss	0.0	0.0								
v1.9.0-rc1_container	Mucor_mucedo_NRRL_3635	success	3	1	0	0	0	0.5986		3.3594	4.5	rss	0.55	0.0				GCF_025094135.1	Mucoromycota	46.1	0.07287	0.01298
v1.9.0-rc1_container	Nakaseomyces_glabratus_CBS_138	success	2	0	0	0	0	1.2638		8.1772	5.4	rss	0.0	0.0				GCF_000002545.3	Ascomycota	12.3	0.66482	0.10275
v1.9.0-rc1_container	Orbilia_oligospora	success	1	0	0	0	0	0.9172		12.0532	3.3	rss	0.0	0.0								
v1.9.0-rc1_container	Orbilia_oligospora_ATCC_24927	success	3	1	0	0	0	0.8398		3.6579	5.4	rss	0.5692	0.0				GCF_000225545.1	Ascomycota	40.1	0.09122	0.02094
v1.9.0-rc1_container	Parastagonospora_nodorum	success	1	0	0	0	0	1.3644		16.0554	3.9	rss	0.0	0.0								
v1.9.0-rc1_container	Parastagonospora_nodorum_SN15	success	3	1	0	0	0	0.6563		3.7726	4.5	rss	0.5667	0.0				GCF_000146915.1	Ascomycota	37.2	0.10141	0.01764
v1.9.0-rc1_container	Phycomyces_blakesleeanus	success	1	0	0	0	0	1.6389		19.8617	3.0	rss	0.0	0.0								
v1.9.0-rc1_container	Phycomyces_blakesleeanus_NRRL_1555_-	success	3	1	0	0	0	0.6059		3.6401	12.2	rss	0.55	0.0				GCF_001638985.1	Mucoromycota	53.9	0.06754	0.01124
v1.9.0-rc1_container	Pneumocystis_murina_B123	success	2	0	0	0	0	0.7691		5.3819	2.6	rss	0.0	0.0				GCF_000349005.2	Ascomycota	7.5	0.71759	0.10254
v1.9.0-rc1_container	Protomyces_lactucae-debilis	success	1	0	0	0	0	0.3217		3.731	1.9	rss	0.0	0.0								
v1.9.0-rc1_container	Protomyces_lactucae-debilis_12-1054	success	3	1	0	0	0	1.2753		6.7079	3.6	rss,peak_rss	0.55	0.0	1	8	epyc	GCF_002105105.1	Ascomycota	12.9	0.51999	0.09886
v1.9.0-rc1_container	Pseudogymnoascus_destructans	success	1	0	0	0	0	0.9486		10.5799	2.9	rss	0.0	0.0								
v1.9.0-rc1_container	Pseudogymnoascus_destructans_20631-21	failed	2	1	0	0	1	0.594		3.2412	2.9	rss,peak_rss	0.55	0.0	1	8	epyc	GCF_000184105.1	Ascomycota	30.7	0.10558	0.01935
v1.9.0-rc1_container	Pyrenophora_teres	success	1	0	0	0	0	0.385		5.0604	4.4	rss	0.0	0.0								
v1.9.0-rc1_container	Pyrenophora_teres_0-1	success	3	0	0	0	0	0.8019		3.8031	1.2	rss	0.0	0.0				GCF_000166005.1	Ascomycota	33.6	0.11319	0.02387
v1.9.0-rc1_container	Pyrenophora_tritici-repentis	success	1	0	0	0	0	1.3069		14.6691	3.7	rss	0.0	0.0								
v1.9.0-rc1_container	Pyrenophora_tritici-repentis_Pt-1C-BFP	success	3	1	0	0	0	0.7517		4.2943	9.2	rss	0.5692	0.0				GCF_000149985.1	Ascomycota	37.8	0.1136	0.01989
v1.9.0-rc1_container	Pyricularia_oryzae_70-15	success	2	0	0	0	0	1.8158		11.2555	6.8	rss	0.0	0.0				GCF_000002495.2	Ascomycota	41.0	0.27453	0.04429
v1.9.0-rc1_container	Rhizopus_delemar	success	1	0	0	0	0	1.9244		23.1665	3.2	rss	0.0	0.0								
v1.9.0-rc1_container	Rhizopus_delemar_RA_99-880	success	3	0	0	0	0	1.9604		8.5912	7.9	rss	0.0	0.0				GCF_000149305.1	Mucoromycota	46.1	0.18636	0.04252
v1.9.0-rc1_container	Rhizopus_microsporus	success	1	0	0	0	0	0.2694		2.4668	6.6	rss	0.0	0.0								
v1.9.0-rc1_container	Rhizopus_microsporus_ATCC_52813	failed	1	5	0	0	1	0.0021		0.0036	0.064	rss	0.8292	0.0				GCF_002708625.1	Mucoromycota	26.0	0.00014	8e-05
v1.9.0-rc1_container	Rhodotorula_graminis_WP1	success	2	0	0	0	0	1.0417		6.5018	8.7	rss	0.0	0.0				GCF_001329695.1	Basidiomycota	21.0	0.30961	0.04961
v1.9.0-rc1_container	Rhodotorula_toruloides_NP11	success	2	0	0	0	0	0.8743		5.6837	4.2	rss	0.0	0.0				GCF_000320785.1	Basidiomycota	20.2	0.28137	0.04328
v1.9.0-rc1_container	Saccharomyces_cerevisiae	success	1	0	0	0	0	0.375		4.1816	1.8	rss	0.0	0.0								
v1.9.0-rc1_container	Saccharomyces_cerevisiae_S288C	success	3	0	0	0	0	1.5037		6.9127	3.5	rss	0.0	0.0				GCF_000146045.2	Ascomycota	12.1	0.5713	0.12428
v1.9.0-rc1_container	Schizophyllum_commune	success	1	2	0	0	0	0.8317		10.731	2.5	rss	1.1167	0.0								
v1.9.0-rc1_container	Schizophyllum_commune_H4-8	success	3	0	0	0	0	1.0017		4.5205	9.7	rss	0.0	0.0				GCF_000143185.2	Basidiomycota	38.7	0.11681	0.02588
v1.9.0-rc1_container	Sclerotinia_sclerotiorum	success	1	0	0	0	0	1.1669		12.7617	2.8	rss	0.0	0.0								
v1.9.0-rc1_container	Sclerotinia_sclerotiorum_1980	success	3	1	0	0	0	0.5695		3.4579	10.6	rss	0.5522	0.0				GCF_000146945.2	Ascomycota	38.3	0.09029	0.01487
v1.9.0-rc1_container	Spizellomyces_punctatus_DAOM_BR117	success	2	1	0	0	0	0.4678		5.7051	13.6	rss	0.0	0.0				GCF_000182565.1	Chytridiomycota	24.1	0.23673	0.01941
v1.9.0-rc1_container	Sporobolomyces_koalae_JCM15063	success	2	0	0	0	0	1.0494		6.6871	3.3	rss	0.0	0.0				GCF_050403365.1	Basidiomycota	18.3	0.36541	0.05734
v1.9.0-rc1_container	Sporobolomyces_salmoneus_JCM6883	success	2	2	0	0	0	0.0015		0.0028	0.055	rss	0.5669	0.0				GCF_050403485.1	Basidiomycota	20.3	0.00014	8e-05
v1.9.0-rc1_container	Sugiyamaella_lignohabitans_CBS_10342	success	2	1	0	0	0	0.5068		6.0396	19.6	rss	0.0	0.0				GCF_001640025.1	Ascomycota	15.9	0.37985	0.03187
v1.9.0-rc1_container	Synchytrium_microbalum_JEL517	success	2	0	0	0	0	0.871		5.7375	4.2	rss	0.0	0.0				GCF_006535985.1	Chytridiomycota	26.2	0.21899	0.03325
v1.9.0-rc1_container	Talaromyces_marneffei	success	1	0	0	0	0	1.0647		13.0003	7.7	rss	0.0	0.0								
v1.9.0-rc1_container	Talaromyces_marneffei_ATCC_18224	success	3	0	0	0	0	1.5778		6.0787	9.0	rss	0.0	0.0				GCF_000001985.1	Ascomycota	28.6	0.21254	0.05517
v1.9.0-rc1_container	Talaromyces_stipitatus_ATCC_10500	success	2	2	0	0	0	0.0024		0.0048	0.083	rss	0.5878	0.0				GCF_000003125.1	Ascomycota	35.7	0.00013	7e-05
v1.9.0-rc1_container	Tilletiaria_anomala	success	1	1	0	0	0	0.5353		7.215	2.2	rss	0.55	0.0								
v1.9.0-rc1_container	Tilletiaria_anomala_UBC_951	success	3	0	0	0	0	0.9189		3.3032	3.0	rss	0.0	0.0				GCF_000711695.1	Basidiomycota	18.7	0.17664	0.04914
v1.9.0-rc1_container	Tilletiopsis_washingtonensis	success	1	1	0	0	0	0.4506		5.8072	1.7	rss	0.55	0.0								
v1.9.0-rc1_container	Tilletiopsis_washingtonensis_MCA_4186	success	3	0	0	0	0	1.0322		3.7576	4.2	rss	0.0	0.0				GCF_003144115.1	Basidiomycota	18.8	0.19987	0.05491
v1.9.0-rc1_container	Tremella_mesenterica_Fries	success	2	1	0	0	0	1.3302		15.5184	11.9	rss	0.0	0.0				GCF_000271645.1	Basidiomycota	28.6	0.5426	0.04651
v1.9.0-rc1_container	Tricharina_praecox	success	1	0	0	0	0	1.2581		13.9908	2.9	rss	0.0	0.0								
v1.9.0-rc1_container	Tricharina_praecox_CBS_144465	failed	2	1	0	0	1	0.5934		3.5294	8.1	rss,peak_rss	0.55	0.0	1	8	epyc	GCF_024521635.1	Ascomycota	38.4	0.09191	0.01545
v1.9.0-rc1_container	Trichosporon_asahii	success	1	0	0	0	0	0.7656		8.8843	2.1	rss	0.0	0.0								
v1.9.0-rc1_container	Trichosporon_asahii_CBS_2479	failed	2	1	0	0	1	0.3709		2.0699	6.7	rss,peak_rss	0.5667	0.0	1	8	epyc	GCF_000293215.1	Basidiomycota	24.5	0.08448	0.01514
v1.9.0-rc1_container	Umbelopsis_ramanniana	success	1	0	0	0	0	0.7011		8.759	2.1	rss	0.0	0.0								
v1.9.0-rc1_container	Umbelopsis_ramanniana_AG	success	3	1	0	0	0	1.5648		10.0959	3.3	rss,peak_rss	0.5667	0.0	1	8	epyc	GCF_025399195.1	Mucoromycota	23.1	0.43705	0.06774
v1.9.0-rc1_container	Uncinocarpus_reesii_1704	success	2	0	0	0	0	1.3062		8.1902	6.7	rss	0.0	0.0				GCF_000003515.1	Ascomycota	22.3	0.36727	0.05857
v1.9.0-rc1_container	Wallemia_mellicola_CBS_633.66	success	2	0	0	0	0	0.8461		5.5111	2.6	rss	0.0	0.0				GCF_000263375.1	Basidiomycota	9.8	0.56236	0.08634
v1.9.0-rc1_container	Yarrowia_lipolytica	success	1	2	0	0	0	0.7833		10.0556	1.7	rss	1.1	0.0								
v1.9.0-rc1_container	Yarrowia_lipolytica_CLIB122	success	3	0	0	0	0	0.8468		3.4155	4.4	rss	0.0	0.0				GCF_000002525.2	Ascomycota	20.5	0.16661	0.0413
v1.9.0-rc1_container	Zygosaccharomyces_rouxii	success	1	0	0	0	0	0.2711		3.5884	2.6	rss	0.0	0.0								
v1.9.0-rc1_container	Zygosaccharomyces_rouxii_CBS_732	success	3	0	0	0	0	0.5556		2.2274	3.5	rss	0.0	0.0				GCF_000026365.1	Ascomycota	9.8	0.22729	0.05669
v1.9.0-rc1_container	Zymoseptoria_tritici	success	1	0	0	0	0	1.0936		12.8827	6.9	rss	0.0	0.0								
v1.9.0-rc1_container	Zymoseptoria_tritici_IPO323	success	3	1	0	0	0	1.8513		11.3503	6.6	rss,peak_rss	0.55	0.0	1	8	epyc	GCF_000219625.1	Ascomycota	39.7	0.2859	0.04663
v1.9.0-rc1_container_rust	-	success	4	0	0	0	0	0.0094		0.0113	0.152	rss	0.0	0.0								
v1.9.0-rc1_container_rust	Allomyces_macrogynus	failed	0	2	0	0	1	0.0		0.0	0.0		1.0972	0.0								
v1.9.0-rc1_container_rust	Allomyces_macrogynus_ATCC_38327	success	3	0	0	0	0	1.2766		6.413	4.4	rss,peak_rss	0.0	0.0	1	8	epyc	GCA_000151295.1	Blastocladiomycota	57.1	0.11231	0.02236
v1.9.0-rc1_container_rust	Aspergillus_clavatus_NRRL_1	success	2	0	0	0	0	1.3862		9.0273	4.4	rss	0.0	0.0				GCF_000002715.2	Ascomycota	27.9	0.32356	0.04968
v1.9.0-rc1_container_rust	Aspergillus_fumigatus	success	1	2	0	0	0	0.9789		12.521	3.9	rss	1.1	0.0								
v1.9.0-rc1_container_rust	Aspergillus_fumigatus_Af293	success	3	0	0	0	0	1.2457		4.5199	16.8	rss	0.0	0.0				GCF_000002655.1	Ascomycota	29.4	0.15374	0.04237
v1.9.0-rc1_container_rust	Batrachochytrium_dendrobatidis	failed	0	2	0	0	1	0.0		0.0	0.0		1.1	0.0								
v1.9.0-rc1_container_rust	Batrachochytrium_dendrobatidis_JAM81	success	3	0	0	0	0	0.9191		3.659	4.3	rss,peak_rss	0.0	0.0	1	8	epyc	GCF_000203795.2	Chytridiomycota	23.8	0.15374	0.03862
v1.9.0-rc1_container_rust	Blastomyces_dermatitidis_ER-3	success	2	0	0	0	0	1.4196		8.6953	18.2	rss	0.0	0.0				GCF_000003525.1	Ascomycota	66.6	0.13056	0.02132
v1.9.0-rc1_container_rust	Botrytis_cinerea	success	1	0	0	0	0	1.1731		14.2245	2.5	rss	0.0	0.0								
v1.9.0-rc1_container_rust	Botrytis_cinerea_B05.10	success	3	1	0	0	0	0.5314		2.8197	4.5	rss	0.55	0.0				GCF_000143535.2	Ascomycota	42.6	0.06619	0.01247
v1.9.0-rc1_container_rust	Chaetomium_globosum	success	1	0	0	0	0	1.2092		14.6382	2.7	rss	0.0	0.0								
v1.9.0-rc1_container_rust	Chaetomium_globosum_CBS_148.51	success	3	1	0	0	0	0.4757		2.581	4.5	rss	0.55	0.0				GCF_000143365.1	Ascomycota	34.3	0.07525	0.01387
v1.9.0-rc1_container_rust	Cokeromyces_recurvatus	success	1	0	0	0	0	0.9258		11.7405	2.1	rss	0.0	0.0								
v1.9.0-rc1_container_rust	Cokeromyces_recurvatus_NRRL_2243	failed	2	1	0	0	1	0.2548		1.397	3.6	rss,peak_rss	0.55	0.0	1	8	epyc	GCF_025118155.1	Mucoromycota	28.1	0.04972	0.00907
v1.9.0-rc1_container_rust	Colletotrichum_graminicola	success	1	0	0	0	0	1.2947		16.2216	3.2	rss	0.0	0.0								
v1.9.0-rc1_container_rust	Colletotrichum_graminicola_M1.001	failed	2	1	0	0	1	0.4825		2.7478	4.7	rss,peak_rss	0.55	0.0	1	8	epyc	GCF_000149035.1	Ascomycota	51.6	0.05325	0.00935
v1.9.0-rc1_container_rust	Cryptococcus_deneoformans	success	1	0	0	0	0	0.7569		8.8949	3.1	rss	0.0	0.0								
v1.9.0-rc1_container_rust	Cryptococcus_deneoformans_JEC21	success	3	0	0	0	0	1.0385		3.5914	4.2	rss	0.0	0.0				GCF_000091045.1	Basidiomycota	19.1	0.18803	0.05437
v1.9.0-rc1_container_rust	Cryptococcus_neoformans	success	1	0	0	0	0	0.7264		8.3912	2.2	rss	0.0	0.0								
v1.9.0-rc1_container_rust	Cryptococcus_neoformans_H99	success	3	0	0	0	0	0.9126		3.0736	4.1	rss	0.0	0.0				GCF_000149245.1	Basidiomycota	18.9	0.16263	0.04829
v1.9.0-rc1_container_rust	Cystobasidium_minutum_MCA_4210	success	2	0	0	0	0	0.782		5.2912	4.4	rss	0.0	0.0				GCF_039999085.1	Basidiomycota	20.8	0.25439	0.0376
v1.9.0-rc1_container_rust	Dactylellina_haptotyla_CBS_200.50	success	2	2	0	0	0	0.0027		0.0053	0.055	rss	0.55	0.0				GCF_000441935.1	Ascomycota	39.5	0.00013	7e-05
v1.9.0-rc1_container_rust	Drepanopeziza_brunnea	success	1	0	0	0	0	0.0603		0.6721	3.0	rss	0.0	0.0								
v1.9.0-rc1_container_rust	Drepanopeziza_brunnea_MB_m1	success	3	0	0	0	0	1.3708		8.5602	3.9	rss	0.0	0.0				GCF_000298775.1	Ascomycota	51.9	0.16494	0.02641
v1.9.0-rc1_container_rust	Eremothecium_gossypii_ATCC_10895	success	2	0	0	0	0	0.696		4.1439	4.0	rss	0.0	0.0				GCF_000091025.4	Ascomycota	9.1	0.45537	0.07649
v1.9.0-rc1_container_rust	Fusarium_oxysporum	success	1	0	0	0	0	1.3061		15.0124	5.4	rss	0.0	0.0								
v1.9.0-rc1_container_rust	Fusarium_oxysporum_4287	failed	2	1	0	0	1	0.4278		2.5584	4.8	rss,peak_rss	0.55	0.0	1	8	epyc	GCF_000149955.1	Ascomycota	61.4	0.04167	0.00697
v1.9.0-rc1_container_rust	Fusarium_verticillioides	success	1	0	0	0	0	1.2325		14.7493	3.4	rss	0.0	0.0								
v1.9.0-rc1_container_rust	Fusarium_verticillioides_7600	failed	2	1	0	0	1	0.3301		1.8076	4.7	rss,peak_rss	0.5667	0.0	1	8	epyc	GCF_000149555.1	Ascomycota	41.8	0.04324	0.0079
v1.9.0-rc1_container_rust	Gaeumannomyces_tritici	success	1	0	0	0	0	1.1131		13.2543	2.6	rss	0.0	0.0								
v1.9.0-rc1_container_rust	Gaeumannomyces_tritici_R3-111a-1	failed	2	1	0	0	1	0.4772		2.7677	6.8	rss,peak_rss	0.55	0.0	1	8	epyc	GCF_000145635.1	Ascomycota	43.6	0.06348	0.01094
v1.9.0-rc1_container_rust	Kluyveromyces_lactis	success	1	0	0	0	0	0.2611		3.5882	5.2	rss	0.0	0.0								
v1.9.0-rc1_container_rust	Kluyveromyces_lactis_NRRL_Y-1140	success	3	0	0	0	0	0.3762		1.2692	2.2	rss	0.0	0.0				GCF_000002515.2	Ascomycota	10.7	0.11862	0.03516
v1.9.0-rc1_container_rust	Laccaria_bicolor_S238N-H82	success	2	0	0	0	0	1.992		13.1009	4.5	rss	0.0	0.0				GCF_000143565.1	Basidiomycota	64.9	0.20186	0.03069
v1.9.0-rc1_container_rust	Lachancea_thermotolerans	success	1	0	0	0	0	0.33		3.4142	1.1	rss	0.0	0.0								
v1.9.0-rc1_container_rust	Lachancea_thermotolerans_CBS_6340	success	3	0	0	0	0	0.4381		1.8289	3.4	rss	0.0	0.0				GCF_000142805.1	Ascomycota	10.4	0.17586	0.04212
v1.9.0-rc1_container_rust	Leptographium_clavigerum_kw1407	success	2	0	0	0	0	1.5894		9.1404	3.8	rss	0.0	0.0				GCF_000143105.1	Ascomycota	29.8	0.30672	0.05334
v1.9.0-rc1_container_rust	Letharia_columbiana_WasteWater2	success	2	0	0	0	0	1.0806		6.554	4.2	rss	0.0	0.0				GCF_014066305.1	Ascomycota	52.3	0.12532	0.02066
v1.9.0-rc1_container_rust	Lipomyces_tetrasporus	success	1	0	0	0	0	1.0264		12.5804	2.9	rss	0.0	0.0								
v1.9.0-rc1_container_rust	Lipomyces_tetrasporus_NRRL_Y-64009	failed	2	1	0	0	1	0.2437		1.4004	5.1	rss,peak_rss	0.55	0.0	1	8	epyc	GCF_029532465.1	Ascomycota	20.8	0.06733	0.01172
v1.9.0-rc1_container_rust	Malassezia_globosa	success	1	0	0	0	0	0.3542		4.301	1.8	rss	0.0	0.0								
v1.9.0-rc1_container_rust	Malassezia_globosa_CBS_7966	success	3	0	0	0	0	0.5299		1.829	2.8	rss	0.0	0.0				GCF_000181695.2	Basidiomycota	9.0	0.20322	0.05888
v1.9.0-rc1_container_rust	Malassezia_sympodialis	success	1	0	0	0	0	0.3247		3.6901	1.02	rss	0.0	0.0								
v1.9.0-rc1_container_rust	Malassezia_sympodialis_ATCC_42132	success	3	0	0	0	0	1.1035		4.7759	2.8	rss	0.0	0.0				GCF_000349305.1	Basidiomycota	7.7	0.62024	0.14331
v1.9.0-rc1_container_rust	Mixia_osmundae_IAM_14324	success	2	0	0	0	0	0.8136		5.0404	3.6	rss	0.0	0.0				GCF_000708205.1	Basidiomycota	13.6	0.37062	0.05982
v1.9.0-rc1_container_rust	Morchella_importuna	success	1	2	0	0	0	1.2214		15.5068	6.7	rss	1.1	0.0								
v1.9.0-rc1_container_rust	Morchella_importuna_M04M26	success	3	0	0	0	0	1.1496		5.2927	4.5	rss,peak_rss	0.0	0.0	1	8	epyc	GCF_003444635.1	Ascomycota	50.9	0.10398	0.02259
v1.9.0-rc1_container_rust	Morchella_sextelata	success	1	0	0	0	0	2.6408		33.7947	14.6	rss	0.0	0.0								
v1.9.0-rc1_container_rust	Morchella_sextelata_SCLS	failed	2	1	0	0	1	0.4856		2.4525	4.9	rss,peak_rss	0.5517	0.0	1	8	epyc	GCF_020137385.1	Ascomycota	53.6	0.04576	0.00906
v1.9.0-rc1_container_rust	Mucor_mucedo	success	1	0	0	0	0	1.0264		12.0888	2.2	rss	0.0	0.0								
v1.9.0-rc1_container_rust	Mucor_mucedo_NRRL_3635	failed	2	1	0	0	1	0.3936		2.0272	4.0	rss,peak_rss	0.55	0.0	1	8	epyc	GCF_025094135.1	Mucoromycota	46.1	0.04397	0.00854
v1.9.0-rc1_container_rust	Nakaseomyces_glabratus_CBS_138	success	2	0	0	0	0	0.8496		4.7737	3.5	rss	0.0	0.0				GCF_000002545.3	Ascomycota	12.3	0.38811	0.06908
v1.9.0-rc1_container_rust	Orbilia_oligospora	success	1	0	0	0	0	1.0083		13.2071	3.2	rss	0.0	0.0								
v1.9.0-rc1_container_rust	Orbilia_oligospora_ATCC_24927	success	3	1	0	0	0	0.4542		2.4675	4.3	rss	0.55	0.0				GCF_000225545.1	Ascomycota	40.1	0.06153	0.01133
v1.9.0-rc1_container_rust	Parastagonospora_nodorum	success	1	2	0	0	0	1.2914		16.0688	3.8	rss	1.1167	0.0								
v1.9.0-rc1_container_rust	Parastagonospora_nodorum_SN15	success	3	0	0	0	0	1.3537		5.4464	4.1	rss	0.0	0.0				GCF_000146915.1	Ascomycota	37.2	0.14641	0.03639
v1.9.0-rc1_container_rust	Phycomyces_blakesleeanus	success	1	0	0	0	0	1.5386		20.162	3.0	rss	0.0	0.0								
v1.9.0-rc1_container_rust	Phycomyces_blakesleeanus_NRRL_1555_-	success	3	1	0	0	0	0.4653		2.3968	4.7	rss	0.55	0.0				GCF_001638985.1	Mucoromycota	53.9	0.04447	0.00863
v1.9.0-rc1_container_rust	Pneumocystis_murina_B123	success	2	1	0	0	0	0.428		5.14	4.1	rss	0.0	0.0				GCF_000349005.2	Ascomycota	7.5	0.68534	0.05707
v1.9.0-rc1_container_rust	Protomyces_lactucae-debilis	success	1	0	0	0	0	0.3475		3.9156	4.5	rss	0.0	0.0								
v1.9.0-rc1_container_rust	Protomyces_lactucae-debilis_12-1054	success	3	0	0	0	0	0.5396		1.9572	3.6	rss	0.0	0.0				GCF_002105105.1	Ascomycota	12.9	0.15172	0.04183
v1.9.0-rc1_container_rust	Pseudogymnoascus_destructans	failed	0	2	0	0	1	0.0		0.0	0.0		1.1	0.0								
v1.9.0-rc1_container_rust	Pseudogymnoascus_destructans_20631-21	success	3	0	0	0	0	1.0671		4.4032	2.9	rss,peak_rss	0.0	0.0	1	8	epyc	GCF_000184105.1	Ascomycota	30.7	0.14343	0.03476
v1.9.0-rc1_container_rust	Pyrenophora_teres	success	1	1	0	0	0	0.3008		3.7466	4.3	rss	0.55	0.0								
v1.9.0-rc1_container_rust	Pyrenophora_teres_0-1	success	3	0	0	0	0	0.6786		2.8886	1.3	rss	0.0	0.0				GCF_000166005.1	Ascomycota	33.6	0.08597	0.0202
v1.9.0-rc1_container_rust	Pyrenophora_tritici-repentis	success	1	2	0	0	0	1.2597		15.487	3.5	rss	1.1	0.0								
v1.9.0-rc1_container_rust	Pyrenophora_tritici-repentis_Pt-1C-BFP	success	3	0	0	0	0	0.8998		4.1309	4.8	rss,peak_rss	0.0	0.0	1	8	epyc	GCF_000149985.1	Ascomycota	37.8	0.10928	0.0238
v1.9.0-rc1_container_rust	Pyricularia_oryzae_70-15	success	2	0	0	0	0	1.6371		10.4935	4.1	rss	0.0	0.0				GCF_000002495.2	Ascomycota	41.0	0.25594	0.03993
v1.9.0-rc1_container_rust	Rhizopus_delemar	success	1	0	0	0	0	1.8539		23.7446	3.3	rss	0.0	0.0								
v1.9.0-rc1_container_rust	Rhizopus_delemar_RA_99-880	success	3	1	0	0	0	0.4684		2.386	4.6	rss	0.55	0.0				GCF_000149305.1	Mucoromycota	46.1	0.05176	0.01016
v1.9.0-rc1_container_rust	Rhizopus_microsporus	success	1	0	0	0	0	0.2503		2.2793	6.6	rss	0.0	0.0								
v1.9.0-rc1_container_rust	Rhizopus_microsporus_ATCC_52813	failed	1	5	0	0	1	0.0019		0.0035	0.064	rss	0.75	0.0				GCF_002708625.1	Mucoromycota	26.0	0.00013	7e-05
v1.9.0-rc1_container_rust	Rhodotorula_graminis_WP1	success	2	0	0	0	0	0.9103		5.5998	3.9	rss	0.0	0.0				GCF_001329695.1	Basidiomycota	21.0	0.26666	0.04335
v1.9.0-rc1_container_rust	Rhodotorula_toruloides_NP11	success	2	0	0	0	0	0.8523		5.8011	2.6	rss	0.0	0.0				GCF_000320785.1	Basidiomycota	20.2	0.28718	0.04219
v1.9.0-rc1_container_rust	Saccharomyces_cerevisiae	success	1	0	0	0	0	0.3747		4.1763	1.8	rss	0.0	0.0								
v1.9.0-rc1_container_rust	Saccharomyces_cerevisiae_S288C	success	3	0	0	0	0	0.4577		1.9542	3.2	rss	0.0	0.0				GCF_000146045.2	Ascomycota	12.1	0.1615	0.03783
v1.9.0-rc1_container_rust	Schizophyllum_commune	success	1	0	0	0	0	0.7564		9.6909	2.6	rss	0.0	0.0								
v1.9.0-rc1_container_rust	Schizophyllum_commune_H4-8	success	3	0	0	0	0	0.6957		3.5016	15.2	rss	0.0	0.0				GCF_000143185.2	Basidiomycota	38.7	0.09048	0.01798
v1.9.0-rc1_container_rust	Sclerotinia_sclerotiorum	success	1	0	0	0	0	1.1469		14.2932	2.7	rss	0.0	0.0								
v1.9.0-rc1_container_rust	Sclerotinia_sclerotiorum_1980	failed	2	1	0	0	1	0.3713		2.1402	4.2	rss,peak_rss	0.55	0.0	1	8	epyc	GCF_000146945.2	Ascomycota	38.3	0.05588	0.00969
v1.9.0-rc1_container_rust	Spizellomyces_punctatus_DAOM_BR117	success	2	1	0	0	0	0.3575		4.1424	12.9	rss	0.0166	0.0				GCF_000182565.1	Chytridiomycota	24.1	0.17188	0.01484
v1.9.0-rc1_container_rust	Sporobolomyces_koalae_JCM15063	success	2	0	0	0	0	0.4828		3.167	2.7	rss	0.0	0.0				GCF_050403365.1	Basidiomycota	18.3	0.17306	0.02638
v1.9.0-rc1_container_rust	Sporobolomyces_salmoneus_JCM6883	success	2	1	0	0	0	0.0015		0.0028	0.055	rss	0.55	0.0				GCF_050403485.1	Basidiomycota	20.3	0.00014	7e-05
v1.9.0-rc1_container_rust	Sugiyamaella_lignohabitans_CBS_10342	success	2	0	0	0	0	0.9723		6.5291	4.5	rss	0.0	0.0				GCF_001640025.1	Ascomycota	15.9	0.41064	0.06115
v1.9.0-rc1_container_rust	Synchytrium_microbalum_JEL517	success	2	1	0	0	0	0.4282		5.0828	5.7	rss	0.0166	0.0				GCF_006535985.1	Chytridiomycota	26.2	0.194	0.01634
v1.9.0-rc1_container_rust	Talaromyces_marneffei	success	1	2	0	0	0	1.3		16.3553	7.7	rss	1.1167	0.0								
v1.9.0-rc1_container_rust	Talaromyces_marneffei_ATCC_18224	success	3	0	0	0	0	1.2131		4.7396	4.2	rss	0.0	0.0				GCF_000001985.1	Ascomycota	28.6	0.16572	0.04242
v1.9.0-rc1_container_rust	Talaromyces_stipitatus_ATCC_10500	success	2	1	0	0	0	0.0025		0.0047	0.081	rss	0.5461	0.0				GCF_000003125.1	Ascomycota	35.7	0.00013	7e-05
v1.9.0-rc1_container_rust	Tilletiaria_anomala	success	1	1	0	0	0	0.4594		5.8235	2.3	rss	0.55	0.0								
v1.9.0-rc1_container_rust	Tilletiaria_anomala_UBC_951	success	3	0	0	0	0	0.715		2.4149	3.0	rss	0.0	0.0				GCF_000711695.1	Basidiomycota	18.7	0.12914	0.03824
v1.9.0-rc1_container_rust	Tilletiopsis_washingtonensis	success	1	1	0	0	0	0.4906		6.2242	1.7	rss	0.55	0.0								
v1.9.0-rc1_container_rust	Tilletiopsis_washingtonensis_MCA_4186	success	3	0	0	0	0	0.9517		3.1654	4.2	rss	0.0	0.0				GCF_003144115.1	Basidiomycota	18.8	0.16837	0.05062
v1.9.0-rc1_container_rust	Tremella_mesenterica_Fries	success	2	0	0	0	0	2.0184		13.5197	4.6	rss	0.0	0.0				GCF_000271645.1	Basidiomycota	28.6	0.47272	0.07057
v1.9.0-rc1_container_rust	Tricharina_praecox	failed	0	2	0	0	1	0.0		0.0	0.0		1.1058	0.0								
v1.9.0-rc1_container_rust	Tricharina_praecox_CBS_144465	success	3	0	0	0	0	1.1198		4.65	4.6	rss,peak_rss	0.0	0.0	1	8	epyc	GCF_024521635.1	Ascomycota	38.4	0.12109	0.02916
v1.9.0-rc1_container_rust	Trichosporon_asahii	success	1	0	0	0	0	0.8017		9.7106	2.1	rss	0.0	0.0								
v1.9.0-rc1_container_rust	Trichosporon_asahii_CBS_2479	success	3	0	0	0	0	0.8548		3.284	4.3	rss	0.0	0.0				GCF_000293215.1	Basidiomycota	24.5	0.13404	0.03489
v1.9.0-rc1_container_rust	Umbelopsis_ramanniana	success	1	0	0	0	0	0.7011		8.2016	2.2	rss	0.0	0.0								
v1.9.0-rc1_container_rust	Umbelopsis_ramanniana_AG	success	3	0	0	0	0	0.6639		2.6458	4.0	rss	0.0	0.0				GCF_025399195.1	Mucoromycota	23.1	0.11454	0.02874
v1.9.0-rc1_container_rust	Uncinocarpus_reesii_1704	success	2	0	0	0	0	1.4536		8.8382	4.0	rss	0.0	0.0				GCF_000003515.1	Ascomycota	22.3	0.39633	0.06518
v1.9.0-rc1_container_rust	Wallemia_mellicola_CBS_633.66	success	2	0	0	0	0	0.7231		4.6953	1.9	rss	0.0	0.0				GCF_000263375.1	Basidiomycota	9.8	0.47912	0.07378
v1.9.0-rc1_container_rust	Yarrowia_lipolytica	success	1	2	0	0	0	0.855		10.7499	1.7	rss	1.1	0.0								
v1.9.0-rc1_container_rust	Yarrowia_lipolytica_CLIB122	success	3	0	0	0	0	0.7684		3.056	4.5	rss	0.0	0.0				GCF_000002525.2	Ascomycota	20.5	0.14907	0.03748
v1.9.0-rc1_container_rust	Zygosaccharomyces_rouxii	success	1	0	0	0	0	0.2567		2.9445	2.6	rss	0.0	0.0								
v1.9.0-rc1_container_rust	Zygosaccharomyces_rouxii_CBS_732	success	3	0	0	0	0	0.4001		1.5331	3.4	rss	0.0	0.0				GCF_000026365.1	Ascomycota	9.8	0.15643	0.04082
v1.9.0-rc1_container_rust	Zymoseptoria_tritici	success	1	0	0	0	0	0.9944		11.8697	7.4	rss	0.0	0.0								
v1.9.0-rc1_container_rust	Zymoseptoria_tritici_IPO323	failed	2	1	0	0	1	0.3168		1.8639	4.3	rss,peak_rss	0.55	0.0	1	8	epyc	GCF_000219625.1	Ascomycota	39.7	0.04695	0.00798
