cell	genome	process	n_tasks	n_failed	n_aborted	n_superseded	n_unresolved	realtime_hours_sum	wall_clock_hours	cpu_hours_sum	peak_rss_gb_max	rss_field	overhead_task_time_hours_sum	overhead_cpu_hours_sum	attempts	cpus	queues
v1.9.0-rc1_container	Allomyces_macrogynus	TRAIN_PREDICT:RNASEQ_PREPARE	1	0	0	0	0	1.2228	1.2334	15.5562	2.2	peak_rss	0.0	0.0	1	16	epyc
v1.9.0-rc1_container	Aspergillus_clavatus_NRRL_1	TRAIN_PREDICT:FUNANNOTATE_PREDICT	1	0	0	0	0	1.7225	1.7168	11.5563	11.2	peak_rss	0.0	0.0	1	8	epyc
v1.9.0-rc1_container	Aspergillus_fumigatus	TRAIN_PREDICT:RNASEQ_PREPARE	1	0	0	0	0	1.0053	1.0001	12.9691	3.9	peak_rss	0.0	0.0	1	16	epyc
v1.9.0-rc1_container	Blastomyces_dermatitidis_ER-3	TRAIN_PREDICT:FUNANNOTATE_PREDICT	1	0	0	0	0	1.6811	1.7001	10.7793	23.2	peak_rss	0.0	0.0	1	8	epyc
v1.9.0-rc1_container	Botrytis_cinerea	TRAIN_PREDICT:RNASEQ_PREPARE	1	0	0	0	0	1.4122	1.4168	17.8787	2.6	peak_rss	0.0	0.0	1	16	epyc
v1.9.0-rc1_container	Chaetomium_globosum	TRAIN_PREDICT:RNASEQ_PREPARE	1	0	0	0	0	1.5128	1.5168	18.701	2.8	peak_rss	0.0	0.0	1	16	epyc
v1.9.0-rc1_container	Cryptococcus_deneoformans	TRAIN_PREDICT:RNASEQ_PREPARE	1	0	0	0	0	0.6714	0.6834	8.0533	3.1	peak_rss	0.0	0.0	1	16	epyc
v1.9.0-rc1_container	Cryptococcus_neoformans	TRAIN_PREDICT:RNASEQ_PREPARE	1	0	0	0	0	0.7506	0.7501	9.7092	2.2	peak_rss	0.0	0.0	1	16	epyc
v1.9.0-rc1_container	Cystobasidium_minutum_MCA_4210	TRAIN_PREDICT:FUNANNOTATE_PREDICT	1	0	0	0	0	1.4225	1.4167	8.3145	12.3	peak_rss	0.0	0.0	1	8	epyc
v1.9.0-rc1_container	Dactylellina_haptotyla_CBS_200.50	TRAIN_PREDICT:FUNANNOTATE_PREDICT	1	0	0	0	0	1.0658	1.0668	6.2053	2.6	peak_rss	0.0	0.0	1	8	epyc
v1.9.0-rc1_container	Eremothecium_gossypii_ATCC_10895	TRAIN_PREDICT:FUNANNOTATE_PREDICT	1	0	0	0	0	2.9428	2.9503	8.6694	3.3	peak_rss	0.0	0.0	1	8	epyc
v1.9.0-rc1_container	Gaeumannomyces_tritici	TRAIN_PREDICT:RNASEQ_PREPARE	1	0	0	0	0	1.4056	1.4168	17.0719	2.6	peak_rss	0.0	0.0	1	16	epyc
v1.9.0-rc1_container	Kluyveromyces_lactis	TRAIN_PREDICT:RNASEQ_PREPARE	1	0	0	0	0	0.255	0.2667	3.0886	4.7	peak_rss	0.0	0.0	1	16	epyc
v1.9.0-rc1_container	Laccaria_bicolor_S238N-H82	TRAIN_PREDICT:FUNANNOTATE_PREDICT	1	0	0	0	0	2.4764	2.4836	15.9653	6.9	peak_rss	0.0	0.0	1	8	epyc
v1.9.0-rc1_container	Leptographium_clavigerum_kw1407	TRAIN_PREDICT:FUNANNOTATE_PREDICT	1	0	0	0	0	1.8281	1.8335	11.2901	6.5	peak_rss	0.0	0.0	1	8	epyc
v1.9.0-rc1_container	Letharia_columbiana_WasteWater2	TRAIN_PREDICT:FUNANNOTATE_PREDICT	1	0	0	0	0	1.2486	1.2501	7.7002	4.3	peak_rss	0.0	0.0	1	8	epyc
v1.9.0-rc1_container	Lipomyces_tetrasporus	TRAIN_PREDICT:RNASEQ_PREPARE	1	0	0	0	0	1.1875	1.2001	15.3093	3.0	peak_rss	0.0	0.0	1	16	epyc
v1.9.0-rc1_container	Malassezia_globosa	TRAIN_PREDICT:RNASEQ_PREPARE	1	0	0	0	0	0.31	0.3167	3.8629	1.5	peak_rss	0.0	0.0	1	16	epyc
v1.9.0-rc1_container	Malassezia_sympodialis	TRAIN_PREDICT:RNASEQ_PREPARE	1	0	0	0	0	0.3833	0.3834	4.4398	1.0	peak_rss	0.0	0.0	1	16	epyc
v1.9.0-rc1_container	Mixia_osmundae_IAM_14324	TRAIN_PREDICT:FUNANNOTATE_PREDICT	1	0	0	0	0	1.1864	1.2001	6.1514	4.2	peak_rss	0.0	0.0	1	8	epyc
v1.9.0-rc1_container	Morchella_importuna	TRAIN_PREDICT:RNASEQ_PREPARE	1	0	0	0	0	1.35	1.3501	14.9418	6.9	peak_rss	0.0	0.0	1	16	epyc
v1.9.0-rc1_container	Mucor_mucedo	TRAIN_PREDICT:RNASEQ_PREPARE	1	0	0	0	0	1.2833	1.3001	15.0625	2.1	peak_rss	0.0	0.0	1	16	epyc
v1.9.0-rc1_container	Nakaseomyces_glabratus_CBS_138	TRAIN_PREDICT:FUNANNOTATE_PREDICT	1	0	0	0	0	1.0258	1.0334	6.0042	5.7	peak_rss	0.0	0.0	1	8	epyc
v1.9.0-rc1_container	Orbilia_oligospora	TRAIN_PREDICT:RNASEQ_PREPARE	1	0	0	0	0	1.3286	1.3335	16.5	3.5	peak_rss	0.0	0.0	1	16	epyc
v1.9.0-rc1_container	Parastagonospora_nodorum	TRAIN_PREDICT:RNASEQ_PREPARE	1	0	0	0	0	1.0417	1.0501	13.1656	3.8	peak_rss	0.0	0.0	1	16	epyc
v1.9.0-rc1_container	Phycomyces_blakesleeanus	TRAIN_PREDICT:RNASEQ_PREPARE	1	0	0	0	0	1.7042	1.7001	19.482	2.8	peak_rss	0.0	0.0	1	16	epyc
v1.9.0-rc1_container	Pneumocystis_murina_B123	TRAIN_PREDICT:FUNANNOTATE_PREDICT	1	0	0	0	0	0.8406	0.8501	5.8326	2.6	peak_rss	0.0	0.0	1	8	epyc
v1.9.0-rc1_container	Protomyces_lactucae-debilis	TRAIN_PREDICT:RNASEQ_PREPARE	1	0	0	0	0	0.3444	0.3501	4.2566	4.6	peak_rss	0.0	0.0	1	16	epyc
v1.9.0-rc1_container	Pseudogymnoascus_destructans	TRAIN_PREDICT:RNASEQ_PREPARE	1	0	0	0	0	1.0514	1.0668	12.3128	2.9	peak_rss	0.0	0.0	1	16	epyc
v1.9.0-rc1_container	Pyrenophora_teres	TRAIN_PREDICT:RNASEQ_PREPARE	1	0	0	0	0	0.3686	0.3834	4.6928	4.4	peak_rss	0.0	0.0	1	16	epyc
v1.9.0-rc1_container	Pyrenophora_tritici-repentis	TRAIN_PREDICT:RNASEQ_PREPARE	1	0	0	0	0	1.3294	1.3334	16.0145	3.7	peak_rss	0.0	0.0	1	16	epyc
v1.9.0-rc1_container	Pyricularia_oryzae_70-15	TRAIN_PREDICT:FUNANNOTATE_PREDICT	1	0	0	0	0	1.5958	1.6001	9.883	12.1	peak_rss	0.0	0.0	1	8	epyc
v1.9.0-rc1_container	Rhizopus_delemar	TRAIN_PREDICT:RNASEQ_PREPARE	1	0	0	0	0	1.9889	2.0001	24.4932	3.3	peak_rss	0.0	0.0	1	16	epyc
v1.9.0-rc1_container	Rhizopus_microsporus	TRAIN_PREDICT:RNASEQ_PREPARE	1	0	0	0	0	0.2928	0.3001	2.6622	6.8	peak_rss	0.0	0.0	1	16	epyc
v1.9.0-rc1_container	Rhodotorula_graminis_WP1	TRAIN_PREDICT:FUNANNOTATE_PREDICT	1	0	0	0	0	1.3489	1.3501	8.4791	9.0	peak_rss	0.0	0.0	1	8	epyc
v1.9.0-rc1_container	Rhodotorula_toruloides_NP11	TRAIN_PREDICT:FUNANNOTATE_PREDICT	1	0	0	0	0	1.1964	1.2001	8.017	4.3	peak_rss	0.0	0.0	1	8	epyc
v1.9.0-rc1_container	Schizophyllum_commune	TRAIN_PREDICT:RNASEQ_PREPARE	1	0	0	0	0	0.8906	0.9	10.9521	2.6	peak_rss	0.0	0.0	1	16	epyc
v1.9.0-rc1_container	Sclerotinia_sclerotiorum	TRAIN_PREDICT:RNASEQ_PREPARE	1	0	0	0	0	1.0706	1.0834	13.064	2.8	peak_rss	0.0	0.0	1	16	epyc
v1.9.0-rc1_container	Spizellomyces_punctatus_DAOM_BR117	TRAIN_PREDICT:FUNANNOTATE_PREDICT	1	0	0	0	0	0.8283	0.8334	5.3179	7.3	peak_rss	0.0	0.0	1	8	epyc
v1.9.0-rc1_container	Sporobolomyces_koalae_JCM15063	TRAIN_PREDICT:FUNANNOTATE_PREDICT	1	0	0	0	0	1.0658	1.0668	6.8693	2.8	peak_rss	0.0	0.0	1	8	epyc
v1.9.0-rc1_container	Sporobolomyces_salmoneus_JCM6883	TRAIN_PREDICT:FUNANNOTATE_PREDICT	1	0	0	0	0	1.0086	1.0168	6.4339	3.5	peak_rss	0.0	0.0	1	8	epyc
v1.9.0-rc1_container	Sugiyamaella_lignohabitans_CBS_10342	TRAIN_PREDICT:FUNANNOTATE_PREDICT	1	0	0	0	0	1.1667	1.1834	7.6137	12.3	peak_rss	0.0	0.0	1	8	epyc
v1.9.0-rc1_container	Synchytrium_microbalum_JEL517	TRAIN_PREDICT:FUNANNOTATE_PREDICT	1	0	0	0	0	0.8761	0.8834	5.8069	5.2	peak_rss	0.0	0.0	1	8	epyc
v1.9.0-rc1_container	Talaromyces_marneffei	TRAIN_PREDICT:RNASEQ_PREPARE	1	0	0	0	0	1.1475	1.1501	14.8177	7.9	peak_rss	0.0	0.0	1	16	epyc
v1.9.0-rc1_container	Talaromyces_stipitatus_ATCC_10500	TRAIN_PREDICT:FUNANNOTATE_PREDICT	1	0	0	0	0	1.6569	1.6668	10.1223	11.1	peak_rss	0.0	0.0	1	8	epyc
v1.9.0-rc1_container	Tilletiaria_anomala	TRAIN_PREDICT:RNASEQ_PREPARE	1	0	0	0	0	0.59	0.6001	7.1638	2.2	peak_rss	0.0	0.0	1	16	epyc
v1.9.0-rc1_container	Tilletiopsis_washingtonensis	TRAIN_PREDICT:RNASEQ_PREPARE	1	0	0	0	0	0.6856	0.7	8.4221	1.7	peak_rss	0.0	0.0	1	16	epyc
v1.9.0-rc1_container	Tremella_mesenterica_Fries	TRAIN_PREDICT:FUNANNOTATE_PREDICT	1	0	0	0	0	1.9319	1.9335	12.633	8.0	peak_rss	0.0	0.0	1	8	epyc
v1.9.0-rc1_container	Uncinocarpus_reesii_1704	TRAIN_PREDICT:FUNANNOTATE_PREDICT	1	0	0	0	0	1.4936	1.5001	9.7234	11.6	peak_rss	0.0	0.0	1	8	epyc
v1.9.0-rc1_container	Wallemia_mellicola_CBS_633.66	TRAIN_PREDICT:FUNANNOTATE_PREDICT	1	0	0	0	0	0.9033	0.9	5.7253	2.8	peak_rss	0.0	0.0	1	8	epyc
v1.9.0-rc1_container	Yarrowia_lipolytica	TRAIN_PREDICT:RNASEQ_PREPARE	1	0	0	0	0	0.7483	0.75	8.8266	1.8	peak_rss	0.0	0.0	1	16	epyc
v1.9.0-rc1_container	Zygosaccharomyces_rouxii	TRAIN_PREDICT:RNASEQ_PREPARE	1	0	0	0	0	0.2817	0.3	3.1434	2.7	peak_rss	0.0	0.0	1	16	epyc
v1.9.0-rc1_container_rust	Allomyces_macrogynus	TRAIN_PREDICT:RNASEQ_PREPARE	1	0	0	0	0	1.055	1.0668	13.0883	2.2	peak_rss	0.0	0.0	1	16	epyc
v1.9.0-rc1_container_rust	Aspergillus_clavatus_NRRL_1	TRAIN_PREDICT:FUNANNOTATE_PREDICT	1	0	0	0	0	1.5158	1.5168	9.4345	4.0	peak_rss	0.0	0.0	1	8	epyc
v1.9.0-rc1_container_rust	Aspergillus_fumigatus	TRAIN_PREDICT:RNASEQ_PREPARE	1	0	0	0	0	1.1356	1.1334	14.0048	3.9	peak_rss	0.0	0.0	1	16	epyc
v1.9.0-rc1_container_rust	Blastomyces_dermatitidis_ER-3	TRAIN_PREDICT:FUNANNOTATE_PREDICT	1	0	0	0	0	1.7514	1.7668	11.0986	22.3	peak_rss	0.0	0.0	1	8	epyc
v1.9.0-rc1_container_rust	Botrytis_cinerea	TRAIN_PREDICT:RNASEQ_PREPARE	1	0	0	0	0	1.2092	1.2168	14.7881	2.6	peak_rss	0.0	0.0	1	16	epyc
v1.9.0-rc1_container_rust	Chaetomium_globosum	TRAIN_PREDICT:RNASEQ_PREPARE	1	0	0	0	0	1.3139	1.3168	16.9728	2.8	peak_rss	0.0	0.0	1	16	epyc
v1.9.0-rc1_container_rust	Cryptococcus_deneoformans	TRAIN_PREDICT:RNASEQ_PREPARE	1	0	0	0	0	0.8089	0.8334	9.917	3.1	peak_rss	0.0	0.0	1	16	epyc
v1.9.0-rc1_container_rust	Cryptococcus_neoformans	TRAIN_PREDICT:RNASEQ_PREPARE	1	0	0	0	0	0.78	0.7833	9.633	2.2	peak_rss	0.0	0.0	1	16	epyc
v1.9.0-rc1_container_rust	Cystobasidium_minutum_MCA_4210	TRAIN_PREDICT:FUNANNOTATE_PREDICT	1	0	0	0	0	0.9928	1.0168	6.3488	4.4	peak_rss	0.0	0.0	1	8	epyc
v1.9.0-rc1_container_rust	Dactylellina_haptotyla_CBS_200.50	TRAIN_PREDICT:FUNANNOTATE_PREDICT	1	0	0	0	0	0.91	0.9167	5.7567	2.4	peak_rss	0.0	0.0	1	8	epyc
v1.9.0-rc1_container_rust	Eremothecium_gossypii_ATCC_10895	TRAIN_PREDICT:FUNANNOTATE_PREDICT	1	0	0	0	0	0.7469	0.75	4.8066	4.0	peak_rss	0.0	0.0	1	8	epyc
v1.9.0-rc1_container_rust	Gaeumannomyces_tritici	TRAIN_PREDICT:RNASEQ_PREPARE	1	0	0	0	0	1.2756	1.2834	16.0605	2.6	peak_rss	0.0	0.0	1	16	epyc
v1.9.0-rc1_container_rust	Kluyveromyces_lactis	TRAIN_PREDICT:RNASEQ_PREPARE	1	0	0	0	0	0.2247	0.2334	2.6614	13.1	peak_rss	0.0	0.0	1	16	epyc
v1.9.0-rc1_container_rust	Laccaria_bicolor_S238N-H82	TRAIN_PREDICT:FUNANNOTATE_PREDICT	1	0	0	0	0	2.2442	2.2502	13.9138	4.9	peak_rss	0.0	0.0	1	8	epyc
v1.9.0-rc1_container_rust	Leptographium_clavigerum_kw1407	TRAIN_PREDICT:FUNANNOTATE_PREDICT	1	0	0	0	0	1.4267	1.4334	8.851	4.1	peak_rss	0.0	0.0	1	8	epyc
v1.9.0-rc1_container_rust	Letharia_columbiana_WasteWater2	TRAIN_PREDICT:FUNANNOTATE_PREDICT	1	0	0	0	0	1.1347	1.15	6.6393	4.3	peak_rss	0.0	0.0	1	8	epyc
v1.9.0-rc1_container_rust	Lipomyces_tetrasporus	TRAIN_PREDICT:RNASEQ_PREPARE	1	0	0	0	0	0.9678	0.9668	12.1688	2.9	peak_rss	0.0	0.0	1	16	epyc
v1.9.0-rc1_container_rust	Malassezia_globosa	TRAIN_PREDICT:RNASEQ_PREPARE	1	0	0	0	0	0.3311	0.3334	4.0329	1.5	peak_rss	0.0	0.0	1	16	epyc
v1.9.0-rc1_container_rust	Malassezia_sympodialis	TRAIN_PREDICT:RNASEQ_PREPARE	1	0	0	0	0	0.3747	0.3833	4.4821	1.1	peak_rss	0.0	0.0	1	16	epyc
v1.9.0-rc1_container_rust	Mixia_osmundae_IAM_14324	TRAIN_PREDICT:FUNANNOTATE_PREDICT	1	0	0	0	0	0.6386	0.6334	4.3477	2.3	peak_rss	0.0	0.0	1	8	epyc
v1.9.0-rc1_container_rust	Morchella_importuna	TRAIN_PREDICT:RNASEQ_PREPARE	1	0	0	0	0	1.1831	1.1834	13.9565	6.9	peak_rss	0.0	0.0	1	16	epyc
v1.9.0-rc1_container_rust	Mucor_mucedo	TRAIN_PREDICT:RNASEQ_PREPARE	1	0	0	0	0	1.3025	1.3168	16.0207	2.3	peak_rss	0.0	0.0	1	16	epyc
v1.9.0-rc1_container_rust	Nakaseomyces_glabratus_CBS_138	TRAIN_PREDICT:FUNANNOTATE_PREDICT	1	0	0	0	0	0.8236	0.8334	5.2242	2.9	peak_rss	0.0	0.0	1	8	epyc
v1.9.0-rc1_container_rust	Orbilia_oligospora	TRAIN_PREDICT:RNASEQ_PREPARE	1	0	0	0	0	1.3239	1.3334	16.6876	3.0	peak_rss	0.0	0.0	1	16	epyc
v1.9.0-rc1_container_rust	Parastagonospora_nodorum	TRAIN_PREDICT:RNASEQ_PREPARE	1	0	0	0	0	1.3217	1.3334	15.9591	3.8	peak_rss	0.0	0.0	1	16	epyc
v1.9.0-rc1_container_rust	Phycomyces_blakesleeanus	TRAIN_PREDICT:RNASEQ_PREPARE	1	0	0	0	0	1.8208	1.8335	21.0288	2.9	peak_rss	0.0	0.0	1	16	epyc
v1.9.0-rc1_container_rust	Pneumocystis_murina_B123	TRAIN_PREDICT:FUNANNOTATE_PREDICT	1	0	0	0	0	0.7725	0.7834	4.9672	3.5	peak_rss	0.0	0.0	1	8	epyc
v1.9.0-rc1_container_rust	Protomyces_lactucae-debilis	TRAIN_PREDICT:RNASEQ_PREPARE	1	0	0	0	0	0.35	0.3667	4.1216	1.9	peak_rss	0.0	0.0	1	16	epyc
v1.9.0-rc1_container_rust	Pyrenophora_teres	TRAIN_PREDICT:RNASEQ_PREPARE	1	0	0	0	0	0.4194	0.4333	4.8303	4.4	peak_rss	0.0	0.0	1	16	epyc
v1.9.0-rc1_container_rust	Pyrenophora_tritici-repentis	TRAIN_PREDICT:RNASEQ_PREPARE	1	0	0	0	0	1.3236	1.3334	16.7662	3.7	peak_rss	0.0	0.0	1	16	epyc
v1.9.0-rc1_container_rust	Pyricularia_oryzae_70-15	TRAIN_PREDICT:FUNANNOTATE_PREDICT	1	0	0	0	0	1.5442	1.5501	9.1754	6.2	peak_rss	0.0	0.0	1	8	epyc
v1.9.0-rc1_container_rust	Rhizopus_delemar	TRAIN_PREDICT:RNASEQ_PREPARE	1	0	0	0	0	1.5806	1.5834	19.3492	3.3	peak_rss	0.0	0.0	1	16	epyc
v1.9.0-rc1_container_rust	Rhizopus_microsporus	TRAIN_PREDICT:RNASEQ_PREPARE	1	0	0	0	0	0.2417	0.25	2.2127	7.0	peak_rss	0.0	0.0	1	16	epyc
v1.9.0-rc1_container_rust	Rhizopus_microsporus_ATCC_52813	TRAIN_PREDICT:FUNANNOTATE_TRAIN	0	1	0	0	1	0.0		0.0	0.0		0.3	0.0			
v1.9.0-rc1_container_rust	Rhodotorula_graminis_WP1	TRAIN_PREDICT:FUNANNOTATE_PREDICT	1	0	0	0	0	1.0178	1.0167	6.5789	6.5	peak_rss	0.0	0.0	1	8	epyc
v1.9.0-rc1_container_rust	Rhodotorula_toruloides_NP11	TRAIN_PREDICT:FUNANNOTATE_PREDICT	1	0	0	0	0	0.9653	0.9667	6.0726	4.2	peak_rss	0.0	0.0	1	8	epyc
v1.9.0-rc1_container_rust	Schizophyllum_commune	TRAIN_PREDICT:RNASEQ_PREPARE	1	0	0	0	0	1.0319	1.0334	12.6599	2.6	peak_rss	0.0	0.0	1	16	epyc
v1.9.0-rc1_container_rust	Sclerotinia_sclerotiorum	TRAIN_PREDICT:RNASEQ_PREPARE	1	0	0	0	0	1.4011	1.4168	17.0039	2.8	peak_rss	0.0	0.0	1	16	epyc
v1.9.0-rc1_container_rust	Spizellomyces_punctatus_DAOM_BR117	TRAIN_PREDICT:FUNANNOTATE_PREDICT	1	0	0	0	0	0.6556	0.65	4.1765	4.2	peak_rss	0.0	0.0	1	8	epyc
v1.9.0-rc1_container_rust	Sporobolomyces_koalae_JCM15063	TRAIN_PREDICT:FUNANNOTATE_PREDICT	1	0	0	0	0	0.9194	0.9167	5.9819	3.2	peak_rss	0.0	0.0	1	8	epyc
v1.9.0-rc1_container_rust	Sporobolomyces_salmoneus_JCM6883	TRAIN_PREDICT:FUNANNOTATE_PREDICT	1	0	0	0	0	0.9911	1.0	6.0269	3.5	peak_rss	0.0	0.0	1	8	epyc
v1.9.0-rc1_container_rust	Sugiyamaella_lignohabitans_CBS_10342	TRAIN_PREDICT:FUNANNOTATE_PREDICT	1	0	0	0	0	0.8689	0.8834	5.6078	4.5	peak_rss	0.0	0.0	1	8	epyc
v1.9.0-rc1_container_rust	Synchytrium_microbalum_JEL517	TRAIN_PREDICT:FUNANNOTATE_PREDICT	1	0	0	0	0	0.6136	0.6334	3.9964	4.1	peak_rss	0.0	0.0	1	8	epyc
v1.9.0-rc1_container_rust	Talaromyces_marneffei	TRAIN_PREDICT:RNASEQ_PREPARE	1	0	0	0	0	1.1358	1.1335	14.6363	7.8	peak_rss	0.0	0.0	1	16	epyc
v1.9.0-rc1_container_rust	Talaromyces_stipitatus_ATCC_10500	TRAIN_PREDICT:FUNANNOTATE_PREDICT	1	0	0	0	0	1.3922	1.4001	8.732	4.6	peak_rss	0.0	0.0	1	8	epyc
v1.9.0-rc1_container_rust	Tilletiaria_anomala	TRAIN_PREDICT:RNASEQ_PREPARE	1	0	0	0	0	0.605	0.6167	7.6303	2.2	peak_rss	0.0	0.0	1	16	epyc
v1.9.0-rc1_container_rust	Tilletiopsis_washingtonensis	TRAIN_PREDICT:RNASEQ_PREPARE	1	0	0	0	0	0.6956	0.7	8.3682	1.7	peak_rss	0.0	0.0	1	16	epyc
v1.9.0-rc1_container_rust	Tremella_mesenterica_Fries	TRAIN_PREDICT:FUNANNOTATE_PREDICT	1	0	0	0	0	2.1594	2.1668	14.5655	5.2	peak_rss	0.0	0.0	1	8	epyc
v1.9.0-rc1_container_rust	Uncinocarpus_reesii_1704	TRAIN_PREDICT:FUNANNOTATE_PREDICT	1	0	0	0	0	1.3922	1.4001	8.7849	3.7	peak_rss	0.0	0.0	1	8	epyc
v1.9.0-rc1_container_rust	Wallemia_mellicola_CBS_633.66	TRAIN_PREDICT:FUNANNOTATE_PREDICT	1	0	0	0	0	0.8911	0.9	6.0738	2.7	peak_rss	0.0	0.0	1	8	epyc
v1.9.0-rc1_container_rust	Yarrowia_lipolytica	TRAIN_PREDICT:RNASEQ_PREPARE	1	0	0	0	0	0.9525	0.9667	11.6424	1.8	peak_rss	0.0	0.0	1	16	epyc
v1.9.0-rc1_container_rust	Zygosaccharomyces_rouxii	TRAIN_PREDICT:RNASEQ_PREPARE	1	0	0	0	0	0.2106	0.2167	2.538	2.7	peak_rss	0.0	0.0	1	16	epyc
